{
	"credit": "Made with Blockbench",
	"textures": {
		"0": "item/cities/aescland/helm/ramhorn",
		"1": "item/cities/aescland/helm/gem",
		"particle": "item/cities/aescland/helm/ramhorn"
	},
	"elements": [
		{
			"from": [13.75, 10, 1],
			"to": [17, 12, 5],
			"faces": {
				"north": {"uv": [8, 1, 9.5, 2], "texture": "#0"},
				"east": {"uv": [7, 2.5, 9, 3.5], "texture": "#0"},
				"south": {"uv": [4.5, 8, 6, 9], "texture": "#0"},
				"west": {"uv": [7, 3.5, 9, 4.5], "texture": "#0"},
				"up": {"uv": [5.5, 3.5, 4, 1.5], "texture": "#0"},
				"down": {"uv": [4, 4, 2.5, 6], "texture": "#0"}
			}
		},
		{
			"from": [12, 12, 1],
			"to": [16.25, 13, 5],
			"faces": {
				"north": {"uv": [3, 9, 5, 9.5], "texture": "#0"},
				"east": {"uv": [9, 3, 11, 3.5], "texture": "#0"},
				"south": {"uv": [9, 3.5, 11, 4], "texture": "#0"},
				"west": {"uv": [9, 4, 11, 4.5], "texture": "#0"},
				"up": {"uv": [2, 2, 0, 0], "texture": "#0"},
				"down": {"uv": [2, 2, 0, 4], "texture": "#0"}
			}
		},
		{
			"from": [14.4375, 8, 2],
			"to": [17, 10, 5],
			"faces": {
				"north": {"uv": [8, 4.5, 9.5, 5.5], "texture": "#0"},
				"east": {"uv": [8, 5.5, 9.5, 6.5], "texture": "#0"},
				"south": {"uv": [8, 6.5, 9.5, 7.5], "texture": "#0"},
				"west": {"uv": [8, 7.5, 9.5, 8.5], "texture": "#0"},
				"up": {"uv": [8, 1.5, 6.5, 0], "texture": "#0"},
				"down": {"uv": [6, 6.5, 4.5, 8], "texture": "#0"}
			}
		},
		{
			"from": [15.5, 7, 3],
			"to": [16.5, 8, 5],
			"faces": {
				"north": {"uv": [3.5, 6, 4, 6.5], "texture": "#0"},
				"east": {"uv": [10, 8.5, 11, 9], "texture": "#0"},
				"south": {"uv": [2, 8, 2.5, 8.5], "texture": "#0"},
				"west": {"uv": [10, 9, 11, 9.5], "texture": "#0"},
				"up": {"uv": [6, 3.5, 5.5, 2.5], "texture": "#0"},
				"down": {"uv": [3, 10, 2.5, 11], "texture": "#0"}
			}
		},
		{
			"from": [15.6875, 6.375, 4],
			"to": [16.3125, 7, 5],
			"faces": {
				"north": {"uv": [3, 8.5, 3.5, 9], "texture": "#0"},
				"east": {"uv": [8.5, 11, 9, 11.5], "texture": "#0"},
				"south": {"uv": [11, 8.5, 11.5, 9], "texture": "#0"},
				"west": {"uv": [9, 11, 9.5, 11.5], "texture": "#0"},
				"up": {"uv": [11.5, 9.5, 11, 9], "texture": "#0"},
				"down": {"uv": [10, 11, 9.5, 11.5], "texture": "#0"}
			}
		},
		{
			"from": [15.6875, 5.375, 7],
			"to": [16.3125, 6, 8],
			"faces": {
				"north": {"uv": [10, 11, 10.5, 11.5], "texture": "#0"},
				"east": {"uv": [10.5, 11, 11, 11.5], "texture": "#0"},
				"south": {"uv": [11, 11, 11.5, 11.5], "texture": "#0"},
				"west": {"uv": [0, 11.5, 0.5, 12], "texture": "#0"},
				"up": {"uv": [1, 12, 0.5, 11.5], "texture": "#0"},
				"down": {"uv": [1.5, 11.5, 1, 12], "texture": "#0"}
			}
		},
		{
			"from": [15.6875, 4, 8],
			"to": [16.3125, 5, 9],
			"faces": {
				"north": {"uv": [11.5, 1, 12, 1.5], "texture": "#0"},
				"east": {"uv": [1.5, 11.5, 2, 12], "texture": "#0"},
				"south": {"uv": [11.5, 1.5, 12, 2], "texture": "#0"},
				"west": {"uv": [2, 11.5, 2.5, 12], "texture": "#0"},
				"up": {"uv": [12, 2.5, 11.5, 2], "texture": "#0"},
				"down": {"uv": [12, 2.5, 11.5, 3], "texture": "#0"}
			}
		},
		{
			"from": [15.6875, 2.6875, 7.3125],
			"to": [16.3125, 4.3125, 8],
			"faces": {
				"north": {"uv": [9.5, 10, 10, 11], "texture": "#0"},
				"east": {"uv": [10, 10, 10.5, 11], "texture": "#0"},
				"south": {"uv": [0, 10.5, 0.5, 11.5], "texture": "#0"},
				"west": {"uv": [0.5, 10.5, 1, 11.5], "texture": "#0"},
				"up": {"uv": [3.5, 12, 3, 11.5], "texture": "#0"},
				"down": {"uv": [4, 11.5, 3.5, 12], "texture": "#0"}
			}
		},
		{
			"from": [15.5625, 2.6875, 14],
			"to": [16.5, 4.3125, 14.5625],
			"faces": {
				"north": {"uv": [1, 10.5, 1.5, 11.5], "texture": "#0"},
				"east": {"uv": [10.5, 1, 11, 2], "texture": "#0"},
				"south": {"uv": [1.5, 10.5, 2, 11.5], "texture": "#0"},
				"west": {"uv": [3, 10.5, 3.5, 11.5], "texture": "#0"},
				"up": {"uv": [4.5, 12, 4, 11.5], "texture": "#0"},
				"down": {"uv": [5, 11.5, 4.5, 12], "texture": "#0"}
			}
		},
		{
			"from": [15.5625, 1.1875, 13],
			"to": [16.5, 2, 13.5625],
			"faces": {
				"north": {"uv": [5, 11.5, 5.5, 12], "texture": "#0"},
				"east": {"uv": [5.5, 11.5, 6, 12], "texture": "#0"},
				"south": {"uv": [6, 11.5, 6.5, 12], "texture": "#0"},
				"west": {"uv": [6.5, 11.5, 7, 12], "texture": "#0"},
				"up": {"uv": [12, 7, 11.5, 6.5], "texture": "#0"},
				"down": {"uv": [7.5, 11.5, 7, 12], "texture": "#0"}
			}
		},
		{
			"from": [15.5625, 0.1875, 11],
			"to": [16.5, 1, 12.125],
			"faces": {
				"north": {"uv": [11.5, 7, 12, 7.5], "texture": "#0"},
				"east": {"uv": [7.5, 11.5, 8, 12], "texture": "#0"},
				"south": {"uv": [11.5, 7.5, 12, 8], "texture": "#0"},
				"west": {"uv": [8, 11.5, 8.5, 12], "texture": "#0"},
				"up": {"uv": [12, 8.5, 11.5, 8], "texture": "#0"},
				"down": {"uv": [9, 11.5, 8.5, 12], "texture": "#0"}
			}
		},
		{
			"from": [15.6875, 0.5, 12.125],
			"to": [16.375, 1, 12.75],
			"faces": {
				"north": {"uv": [11.5, 8.5, 12, 9], "texture": "#0"},
				"east": {"uv": [9, 11.5, 9.5, 12], "texture": "#0"},
				"south": {"uv": [11.5, 9, 12, 9.5], "texture": "#0"},
				"west": {"uv": [9.5, 11.5, 10, 12], "texture": "#0"},
				"up": {"uv": [12, 10, 11.5, 9.5], "texture": "#0"},
				"down": {"uv": [10.5, 11.5, 10, 12], "texture": "#0"}
			}
		},
		{
			"from": [15.5, 5, 13],
			"to": [16.5, 6.5, 13.5625],
			"faces": {
				"north": {"uv": [3.5, 10.5, 4, 11.5], "texture": "#0"},
				"east": {"uv": [4, 10.5, 4.5, 11.5], "texture": "#0"},
				"south": {"uv": [4.5, 10.5, 5, 11.5], "texture": "#0"},
				"west": {"uv": [10.5, 4.5, 11, 5.5], "texture": "#0"},
				"up": {"uv": [12, 10.5, 11.5, 10], "texture": "#0"},
				"down": {"uv": [11, 11.5, 10.5, 12], "texture": "#0"}
			}
		},
		{
			"from": [15.375, 7, 12.0625],
			"to": [16.625, 7.5625, 12.625],
			"faces": {
				"north": {"uv": [11.5, 10.5, 12, 11], "texture": "#0"},
				"east": {"uv": [11, 11.5, 11.5, 12], "texture": "#0"},
				"south": {"uv": [11.5, 11, 12, 11.5], "texture": "#0"},
				"west": {"uv": [11.5, 11.5, 12, 12], "texture": "#0"},
				"up": {"uv": [0.5, 12.5, 0, 12], "texture": "#0"},
				"down": {"uv": [12.5, 0, 12, 0.5], "texture": "#0"}
			}
		},
		{
			"from": [15.6875, 2, 6],
			"to": [16.3125, 2.6875, 8],
			"faces": {
				"north": {"uv": [0.5, 12, 1, 12.5], "texture": "#0"},
				"east": {"uv": [10.5, 2, 11.5, 2.5], "texture": "#0"},
				"south": {"uv": [12, 0.5, 12.5, 1], "texture": "#0"},
				"west": {"uv": [5, 10.5, 6, 11], "texture": "#0"},
				"up": {"uv": [11, 6.5, 10.5, 5.5], "texture": "#0"},
				"down": {"uv": [6.5, 10.5, 6, 11.5], "texture": "#0"}
			}
		},
		{
			"from": [15.5, 6, 5],
			"to": [16.5, 7, 8],
			"faces": {
				"north": {"uv": [1, 12, 1.5, 12.5], "texture": "#0"},
				"east": {"uv": [9, 9.5, 10.5, 10], "texture": "#0"},
				"south": {"uv": [12, 1, 12.5, 1.5], "texture": "#0"},
				"west": {"uv": [5, 10, 6.5, 10.5], "texture": "#0"},
				"up": {"uv": [2.5, 8, 2, 6.5], "texture": "#0"},
				"down": {"uv": [2.5, 10, 2, 11.5], "texture": "#0"}
			}
		},
		{
			"from": [15, 10, 5],
			"to": [17, 11, 7],
			"faces": {
				"north": {"uv": [6.5, 10.5, 7.5, 11], "texture": "#0"},
				"east": {"uv": [10.5, 6.5, 11.5, 7], "texture": "#0"},
				"south": {"uv": [10.5, 7, 11.5, 7.5], "texture": "#0"},
				"west": {"uv": [7.5, 10.5, 8.5, 11], "texture": "#0"},
				"up": {"uv": [6, 10, 5, 9], "texture": "#0"},
				"down": {"uv": [7, 9, 6, 10], "texture": "#0"}
			}
		},
		{
			"from": [15, 7, 5],
			"to": [17, 10, 9],
			"faces": {
				"north": {"uv": [6, 7.5, 7, 9], "texture": "#0"},
				"east": {"uv": [4, 3.5, 6, 5], "texture": "#0"},
				"south": {"uv": [2, 8.5, 3, 10], "texture": "#0"},
				"west": {"uv": [4, 5, 6, 6.5], "texture": "#0"},
				"up": {"uv": [8, 6.5, 7, 4.5], "texture": "#0"},
				"down": {"uv": [8, 6.5, 7, 8.5], "texture": "#0"}
			}
		},
		{
			"from": [15, 8, 9],
			"to": [17, 9, 11],
			"faces": {
				"north": {"uv": [10.5, 7.5, 11.5, 8], "texture": "#0"},
				"east": {"uv": [10.5, 8, 11.5, 8.5], "texture": "#0"},
				"south": {"uv": [8.5, 10.5, 9.5, 11], "texture": "#0"},
				"west": {"uv": [10.5, 9.5, 11.5, 10], "texture": "#0"},
				"up": {"uv": [10, 9.5, 9, 8.5], "texture": "#0"},
				"down": {"uv": [10.5, 1, 9.5, 2], "texture": "#0"}
			}
		},
		{
			"from": [15, 7, 9],
			"to": [17, 8, 12],
			"faces": {
				"north": {"uv": [10.5, 10, 11.5, 10.5], "texture": "#0"},
				"east": {"uv": [6.5, 10, 8, 10.5], "texture": "#0"},
				"south": {"uv": [10.5, 10.5, 11.5, 11], "texture": "#0"},
				"west": {"uv": [8, 10, 9.5, 10.5], "texture": "#0"},
				"up": {"uv": [8, 10, 7, 8.5], "texture": "#0"},
				"down": {"uv": [9, 8.5, 8, 10], "texture": "#0"}
			}
		},
		{
			"from": [15, 5, 8],
			"to": [17, 7, 13],
			"faces": {
				"north": {"uv": [3, 9.5, 4, 10.5], "texture": "#0"},
				"east": {"uv": [0, 5.5, 2.5, 6.5], "texture": "#0"},
				"south": {"uv": [4, 9.5, 5, 10.5], "texture": "#0"},
				"west": {"uv": [5.5, 1.5, 8, 2.5], "texture": "#0"},
				"up": {"uv": [3.5, 8.5, 2.5, 6], "texture": "#0"},
				"down": {"uv": [7, 2.5, 6, 5], "texture": "#0"}
			}
		},
		{
			"from": [15, 2, 9],
			"to": [17, 5, 14],
			"faces": {
				"north": {"uv": [0, 9, 1, 10.5], "texture": "#0"},
				"east": {"uv": [0, 4, 2.5, 5.5], "texture": "#0"},
				"south": {"uv": [1, 9, 2, 10.5], "texture": "#0"},
				"west": {"uv": [4, 0, 6.5, 1.5], "texture": "#0"},
				"up": {"uv": [7, 7.5, 6, 5], "texture": "#0"},
				"down": {"uv": [1, 6.5, 0, 9], "texture": "#0"}
			}
		},
		{
			"from": [15, 2, 8],
			"to": [17, 4, 9],
			"faces": {
				"north": {"uv": [9.5, 4.5, 10.5, 5.5], "texture": "#0"},
				"east": {"uv": [11, 1, 11.5, 2], "texture": "#0"},
				"south": {"uv": [9.5, 5.5, 10.5, 6.5], "texture": "#0"},
				"west": {"uv": [2.5, 11, 3, 12], "texture": "#0"},
				"up": {"uv": [12, 3.5, 11, 3], "texture": "#0"},
				"down": {"uv": [12, 3.5, 11, 4], "texture": "#0"}
			}
		},
		{
			"from": [15, 1, 5],
			"to": [17, 2, 13],
			"faces": {
				"north": {"uv": [11, 4, 12, 4.5], "texture": "#0"},
				"east": {"uv": [8, 0, 12, 0.5], "texture": "#0"},
				"south": {"uv": [11, 4.5, 12, 5], "texture": "#0"},
				"west": {"uv": [8, 0.5, 12, 1], "texture": "#0"},
				"up": {"uv": [3, 4, 2, 0], "texture": "#0"},
				"down": {"uv": [4, 0, 3, 4], "texture": "#0"}
			}
		},
		{
			"from": [15.25, 0, 6],
			"to": [16.8125, 1, 11],
			"faces": {
				"north": {"uv": [5, 11, 6, 11.5], "texture": "#0"},
				"east": {"uv": [8, 2, 10.5, 2.5], "texture": "#0"},
				"south": {"uv": [11, 5, 12, 5.5], "texture": "#0"},
				"west": {"uv": [9, 2.5, 11.5, 3], "texture": "#0"},
				"up": {"uv": [2, 9, 1, 6.5], "texture": "#0"},
				"down": {"uv": [4.5, 6.5, 3.5, 9], "texture": "#0"}
			}
		},
		{
			"from": [15.1875, 2, 4],
			"to": [16.8125, 3, 6],
			"faces": {
				"north": {"uv": [11, 5.5, 12, 6], "texture": "#0"},
				"east": {"uv": [11, 6, 12, 6.5], "texture": "#0"},
				"south": {"uv": [6.5, 11, 7.5, 11.5], "texture": "#0"},
				"west": {"uv": [7.5, 11, 8.5, 11.5], "texture": "#0"},
				"up": {"uv": [10.5, 7.5, 9.5, 6.5], "texture": "#0"},
				"down": {"uv": [10.5, 7.5, 9.5, 8.5], "texture": "#0"}
			}
		},
		{
			"from": [15.375, 3, 3.75],
			"to": [16.625, 4, 4.75],
			"faces": {
				"north": {"uv": [1.5, 12, 2, 12.5], "texture": "#0"},
				"east": {"uv": [12, 1.5, 12.5, 2], "texture": "#0"},
				"south": {"uv": [2, 12, 2.5, 12.5], "texture": "#0"},
				"west": {"uv": [12, 2, 12.5, 2.5], "texture": "#0"},
				"up": {"uv": [3, 12.5, 2.5, 12], "texture": "#0"},
				"down": {"uv": [12.5, 2.5, 12, 3], "texture": "#0"}
			}
		},
		{
			"from": [-1, 10, 1],
			"to": [2.25, 12, 5],
			"rotation": {"angle": 0, "axis": "y", "origin": [16, 0, 0]},
			"faces": {
				"north": {"uv": [1.625, 0, 0, 1], "texture": "#0"},
				"east": {"uv": [2, 0, 0, 1], "texture": "#0"},
				"south": {"uv": [1.625, 0, 0, 1], "texture": "#0"},
				"west": {"uv": [2, 0, 0, 1], "texture": "#0"},
				"up": {"uv": [1.625, 0, 0, 2], "texture": "#0"},
				"down": {"uv": [1.625, 0, 0, 2], "texture": "#0"}
			}
		},
		{
			"from": [-1, 8, 2],
			"to": [1.5625, 10, 5],
			"rotation": {"angle": 0, "axis": "y", "origin": [16, 0, 0]},
			"faces": {
				"north": {"uv": [1.28125, 0, 0, 1], "texture": "#0"},
				"east": {"uv": [1.5, 0, 0, 1], "texture": "#0"},
				"south": {"uv": [1.28125, 0, 0, 1], "texture": "#0"},
				"west": {"uv": [1.5, 0, 0, 1], "texture": "#0"},
				"up": {"uv": [1.28125, 0, 0, 1.5], "texture": "#0"},
				"down": {"uv": [1.28125, 0, 0, 1.5], "texture": "#0"}
			}
		},
		{
			"from": [-0.5, 7, 3],
			"to": [0.5, 8, 5],
			"rotation": {"angle": 0, "axis": "y", "origin": [16, 0, 0]},
			"faces": {
				"north": {"uv": [0.5, 0, 0, 0.5], "texture": "#0"},
				"east": {"uv": [1, 0, 0, 0.5], "texture": "#0"},
				"south": {"uv": [0.5, 0, 0, 0.5], "texture": "#0"},
				"west": {"uv": [1, 0, 0, 0.5], "texture": "#0"},
				"up": {"uv": [0.5, 0, 0, 1], "texture": "#0"},
				"down": {"uv": [0.5, 0, 0, 1], "texture": "#0"}
			}
		},
		{
			"from": [-0.3125, 6.375, 4],
			"to": [0.3125, 7, 5],
			"rotation": {"angle": 0, "axis": "y", "origin": [16, 0, 0]},
			"faces": {
				"north": {"uv": [0.3125, 0, 0, 0.3125], "texture": "#0"},
				"east": {"uv": [0.5, 0, 0, 0.3125], "texture": "#0"},
				"south": {"uv": [0.3125, 0, 0, 0.3125], "texture": "#0"},
				"west": {"uv": [0.5, 0, 0, 0.3125], "texture": "#0"},
				"up": {"uv": [0.3125, 0, 0, 0.5], "texture": "#0"},
				"down": {"uv": [0.3125, 0, 0, 0.5], "texture": "#0"}
			}
		},
		{
			"from": [-0.3125, 5.375, 7],
			"to": [0.3125, 6, 8],
			"rotation": {"angle": 0, "axis": "y", "origin": [16, 0, 0]},
			"faces": {
				"north": {"uv": [0.3125, 0, 0, 0.3125], "texture": "#0"},
				"east": {"uv": [0.5, 0, 0, 0.3125], "texture": "#0"},
				"south": {"uv": [0.3125, 0, 0, 0.3125], "texture": "#0"},
				"west": {"uv": [0.5, 0, 0, 0.3125], "texture": "#0"},
				"up": {"uv": [0.3125, 0, 0, 0.5], "texture": "#0"},
				"down": {"uv": [0.3125, 0, 0, 0.5], "texture": "#0"}
			}
		},
		{
			"from": [-0.3125, 4, 8],
			"to": [0.3125, 5, 9],
			"rotation": {"angle": 0, "axis": "y", "origin": [16, 0, 0]},
			"faces": {
				"north": {"uv": [0.3125, 0, 0, 0.5], "texture": "#0"},
				"east": {"uv": [0.5, 0, 0, 0.5], "texture": "#0"},
				"south": {"uv": [0.3125, 0, 0, 0.5], "texture": "#0"},
				"west": {"uv": [0.5, 0, 0, 0.5], "texture": "#0"},
				"up": {"uv": [0.3125, 0, 0, 0.5], "texture": "#0"},
				"down": {"uv": [0.3125, 0, 0, 0.5], "texture": "#0"}
			}
		},
		{
			"from": [-0.3125, 2.6875, 7.3125],
			"to": [0.3125, 4.3125, 8],
			"rotation": {"angle": 0, "axis": "y", "origin": [16, 0, 0]},
			"faces": {
				"north": {"uv": [0.3125, 0, 0, 0.8125], "texture": "#0"},
				"east": {"uv": [0.34375, 0, 0, 0.8125], "texture": "#0"},
				"south": {"uv": [0.3125, 0, 0, 0.8125], "texture": "#0"},
				"west": {"uv": [0.34375, 0, 0, 0.8125], "texture": "#0"},
				"up": {"uv": [0.3125, 0, 0, 0.34375], "texture": "#0"},
				"down": {"uv": [0.3125, 0, 0, 0.34375], "texture": "#0"}
			}
		},
		{
			"from": [-0.5, 2.6875, 14],
			"to": [0.4375, 4.3125, 14.5625],
			"rotation": {"angle": 0, "axis": "y", "origin": [16, 0, 0]},
			"faces": {
				"north": {"uv": [0.46875, 0, 0, 0.8125], "texture": "#0"},
				"east": {"uv": [0.28125, 0, 0, 0.8125], "texture": "#0"},
				"south": {"uv": [0.46875, 0, 0, 0.8125], "texture": "#0"},
				"west": {"uv": [0.28125, 0, 0, 0.8125], "texture": "#0"},
				"up": {"uv": [0.46875, 0, 0, 0.28125], "texture": "#0"},
				"down": {"uv": [0.46875, 0, 0, 0.28125], "texture": "#0"}
			}
		},
		{
			"from": [-0.5, 1.1875, 13],
			"to": [0.4375, 2, 13.5625],
			"rotation": {"angle": 0, "axis": "y", "origin": [16, 0, 0]},
			"faces": {
				"north": {"uv": [0.46875, 0, 0, 0.40625], "texture": "#0"},
				"east": {"uv": [0.28125, 0, 0, 0.40625], "texture": "#0"},
				"south": {"uv": [0.46875, 0, 0, 0.40625], "texture": "#0"},
				"west": {"uv": [0.28125, 0, 0, 0.40625], "texture": "#0"},
				"up": {"uv": [0.46875, 0, 0, 0.28125], "texture": "#0"},
				"down": {"uv": [0.46875, 0, 0, 0.28125], "texture": "#0"}
			}
		},
		{
			"from": [-0.5, 0.1875, 11],
			"to": [0.4375, 1, 12.125],
			"rotation": {"angle": 0, "axis": "y", "origin": [16, 0, 0]},
			"faces": {
				"north": {"uv": [0.46875, 0, 0, 0.40625], "texture": "#0"},
				"east": {"uv": [0.5625, 0, 0, 0.40625], "texture": "#0"},
				"south": {"uv": [0.46875, 0, 0, 0.40625], "texture": "#0"},
				"west": {"uv": [0.5625, 0, 0, 0.40625], "texture": "#0"},
				"up": {"uv": [0.46875, 0, 0, 0.5625], "texture": "#0"},
				"down": {"uv": [0.46875, 0, 0, 0.5625], "texture": "#0"}
			}
		},
		{
			"from": [-0.375, 0.5, 12.125],
			"to": [0.3125, 1, 12.75],
			"rotation": {"angle": 0, "axis": "y", "origin": [16, 0, 0]},
			"faces": {
				"north": {"uv": [0.34375, 0, 0, 0.25], "texture": "#0"},
				"east": {"uv": [0.3125, 0, 0, 0.25], "texture": "#0"},
				"south": {"uv": [0.34375, 0, 0, 0.25], "texture": "#0"},
				"west": {"uv": [0.3125, 0, 0, 0.25], "texture": "#0"},
				"up": {"uv": [0.34375, 0, 0, 0.3125], "texture": "#0"},
				"down": {"uv": [0.34375, 0, 0, 0.3125], "texture": "#0"}
			}
		},
		{
			"from": [-0.5, 5, 13],
			"to": [0.5, 6.5, 13.5625],
			"rotation": {"angle": 0, "axis": "y", "origin": [16, 0, 0]},
			"faces": {
				"north": {"uv": [0.5, 0, 0, 0.75], "texture": "#0"},
				"east": {"uv": [0.28125, 0, 0, 0.75], "texture": "#0"},
				"south": {"uv": [0.5, 0, 0, 0.75], "texture": "#0"},
				"west": {"uv": [0.28125, 0, 0, 0.75], "texture": "#0"},
				"up": {"uv": [0.5, 0, 0, 0.28125], "texture": "#0"},
				"down": {"uv": [0.5, 0, 0, 0.28125], "texture": "#0"}
			}
		},
		{
			"from": [-0.625, 7, 12.0625],
			"to": [0.625, 7.5625, 12.625],
			"rotation": {"angle": 0, "axis": "y", "origin": [16, 0, 0]},
			"faces": {
				"north": {"uv": [0.625, 0, 0, 0.28125], "texture": "#0"},
				"east": {"uv": [0.28125, 0, 0, 0.28125], "texture": "#0"},
				"south": {"uv": [0.625, 0, 0, 0.28125], "texture": "#0"},
				"west": {"uv": [0.28125, 0, 0, 0.28125], "texture": "#0"},
				"up": {"uv": [0.625, 0, 0, 0.28125], "texture": "#0"},
				"down": {"uv": [0.625, 0, 0, 0.28125], "texture": "#0"}
			}
		},
		{
			"from": [-0.3125, 2, 6],
			"to": [0.3125, 2.6875, 8],
			"rotation": {"angle": 0, "axis": "y", "origin": [16, 0, 0]},
			"faces": {
				"north": {"uv": [0.3125, 0, 0, 0.34375], "texture": "#0"},
				"east": {"uv": [1, 0, 0, 0.34375], "texture": "#0"},
				"south": {"uv": [0.3125, 0, 0, 0.34375], "texture": "#0"},
				"west": {"uv": [1, 0, 0, 0.34375], "texture": "#0"},
				"up": {"uv": [0.3125, 0, 0, 1], "texture": "#0"},
				"down": {"uv": [0.3125, 0, 0, 1], "texture": "#0"}
			}
		},
		{
			"from": [-0.5, 6, 5],
			"to": [0.5, 7, 8],
			"rotation": {"angle": 0, "axis": "y", "origin": [16, 0, 0]},
			"faces": {
				"north": {"uv": [0.5, 0, 0, 0.5], "texture": "#0"},
				"east": {"uv": [1.5, 0, 0, 0.5], "texture": "#0"},
				"south": {"uv": [0.5, 0, 0, 0.5], "texture": "#0"},
				"west": {"uv": [1.5, 0, 0, 0.5], "texture": "#0"},
				"up": {"uv": [0.5, 0, 0, 1.5], "texture": "#0"},
				"down": {"uv": [0.5, 0, 0, 1.5], "texture": "#0"}
			}
		},
		{
			"from": [-1, 10, 5],
			"to": [1, 11, 7],
			"rotation": {"angle": 0, "axis": "y", "origin": [16, 0, 0]},
			"faces": {
				"north": {"uv": [1, 0, 0, 0.5], "texture": "#0"},
				"east": {"uv": [1, 0, 0, 0.5], "texture": "#0"},
				"south": {"uv": [1, 0, 0, 0.5], "texture": "#0"},
				"west": {"uv": [1, 0, 0, 0.5], "texture": "#0"},
				"up": {"uv": [1, 0, 0, 1], "texture": "#0"},
				"down": {"uv": [1, 0, 0, 1], "texture": "#0"}
			}
		},
		{
			"from": [-1, 7, 5],
			"to": [1, 10, 9],
			"rotation": {"angle": 0, "axis": "y", "origin": [16, 0, 0]},
			"faces": {
				"north": {"uv": [1, 0, 0, 1.5], "texture": "#0"},
				"east": {"uv": [2, 0, 0, 1.5], "texture": "#0"},
				"south": {"uv": [1, 0, 0, 1.5], "texture": "#0"},
				"west": {"uv": [2, 0, 0, 1.5], "texture": "#0"},
				"up": {"uv": [1, 0, 0, 2], "texture": "#0"},
				"down": {"uv": [1, 0, 0, 2], "texture": "#0"}
			}
		},
		{
			"from": [-1, 8, 9],
			"to": [1, 9, 11],
			"rotation": {"angle": 0, "axis": "y", "origin": [16, 0, 0]},
			"faces": {
				"north": {"uv": [1, 0, 0, 0.5], "texture": "#0"},
				"east": {"uv": [1, 0, 0, 0.5], "texture": "#0"},
				"south": {"uv": [1, 0, 0, 0.5], "texture": "#0"},
				"west": {"uv": [1, 0, 0, 0.5], "texture": "#0"},
				"up": {"uv": [1, 0, 0, 1], "texture": "#0"},
				"down": {"uv": [1, 0, 0, 1], "texture": "#0"}
			}
		},
		{
			"from": [-1, 7, 9],
			"to": [1, 8, 12],
			"rotation": {"angle": 0, "axis": "y", "origin": [16, 0, 0]},
			"faces": {
				"north": {"uv": [1, 0, 0, 0.5], "texture": "#0"},
				"east": {"uv": [1.5, 0, 0, 0.5], "texture": "#0"},
				"south": {"uv": [1, 0, 0, 0.5], "texture": "#0"},
				"west": {"uv": [1.5, 0, 0, 0.5], "texture": "#0"},
				"up": {"uv": [1, 0, 0, 1.5], "texture": "#0"},
				"down": {"uv": [1, 0, 0, 1.5], "texture": "#0"}
			}
		},
		{
			"from": [-1, 5, 8],
			"to": [1, 7, 13],
			"rotation": {"angle": 0, "axis": "y", "origin": [16, 0, 0]},
			"faces": {
				"north": {"uv": [1, 0, 0, 1], "texture": "#0"},
				"east": {"uv": [2.5, 0, 0, 1], "texture": "#0"},
				"south": {"uv": [1, 0, 0, 1], "texture": "#0"},
				"west": {"uv": [2.5, 0, 0, 1], "texture": "#0"},
				"up": {"uv": [1, 0, 0, 2.5], "texture": "#0"},
				"down": {"uv": [1, 0, 0, 2.5], "texture": "#0"}
			}
		},
		{
			"from": [-1, 2, 9],
			"to": [1, 5, 14],
			"rotation": {"angle": 0, "axis": "y", "origin": [16, 0, 0]},
			"faces": {
				"north": {"uv": [1, 0, 0, 1.5], "texture": "#0"},
				"east": {"uv": [2.5, 0, 0, 1.5], "texture": "#0"},
				"south": {"uv": [1, 0, 0, 1.5], "texture": "#0"},
				"west": {"uv": [2.5, 0, 0, 1.5], "texture": "#0"},
				"up": {"uv": [1, 0, 0, 2.5], "texture": "#0"},
				"down": {"uv": [1, 0, 0, 2.5], "texture": "#0"}
			}
		},
		{
			"from": [-1, 2, 8],
			"to": [1, 4, 9],
			"rotation": {"angle": 0, "axis": "y", "origin": [16, 0, 0]},
			"faces": {
				"north": {"uv": [1, 0, 0, 1], "texture": "#0"},
				"east": {"uv": [0.5, 0, 0, 1], "texture": "#0"},
				"south": {"uv": [1, 0, 0, 1], "texture": "#0"},
				"west": {"uv": [0.5, 0, 0, 1], "texture": "#0"},
				"up": {"uv": [1, 0, 0, 0.5], "texture": "#0"},
				"down": {"uv": [1, 0, 0, 0.5], "texture": "#0"}
			}
		},
		{
			"from": [-1, 1, 5],
			"to": [1, 2, 13],
			"rotation": {"angle": 0, "axis": "y", "origin": [16, 0, 0]},
			"faces": {
				"north": {"uv": [1, 0, 0, 0.5], "texture": "#0"},
				"east": {"uv": [4, 0, 0, 0.5], "texture": "#0"},
				"south": {"uv": [1, 0, 0, 0.5], "texture": "#0"},
				"west": {"uv": [4, 0, 0, 0.5], "texture": "#0"},
				"up": {"uv": [1, 0, 0, 4], "texture": "#0"},
				"down": {"uv": [1, 0, 0, 4], "texture": "#0"}
			}
		},
		{
			"from": [-0.8125, 0, 6],
			"to": [0.75, 1, 11],
			"rotation": {"angle": 0, "axis": "y", "origin": [16, 0, 0]},
			"faces": {
				"north": {"uv": [0.78125, 0, 0, 0.5], "texture": "#0"},
				"east": {"uv": [2.5, 0, 0, 0.5], "texture": "#0"},
				"south": {"uv": [0.78125, 0, 0, 0.5], "texture": "#0"},
				"west": {"uv": [2.5, 0, 0, 0.5], "texture": "#0"},
				"up": {"uv": [0.78125, 0, 0, 2.5], "texture": "#0"},
				"down": {"uv": [0.78125, 0, 0, 2.5], "texture": "#0"}
			}
		},
		{
			"from": [-0.8125, 2, 4],
			"to": [0.8125, 3, 6],
			"rotation": {"angle": 0, "axis": "y", "origin": [16, 0, 0]},
			"faces": {
				"north": {"uv": [0.8125, 0, 0, 0.5], "texture": "#0"},
				"east": {"uv": [1, 0, 0, 0.5], "texture": "#0"},
				"south": {"uv": [0.8125, 0, 0, 0.5], "texture": "#0"},
				"west": {"uv": [1, 0, 0, 0.5], "texture": "#0"},
				"up": {"uv": [0.8125, 0, 0, 1], "texture": "#0"},
				"down": {"uv": [0.8125, 0, 0, 1], "texture": "#0"}
			}
		},
		{
			"from": [-0.625, 3, 3.75],
			"to": [0.625, 4, 4.75],
			"rotation": {"angle": 0, "axis": "y", "origin": [16, 0, 0]},
			"faces": {
				"north": {"uv": [0.625, 0, 0, 0.5], "texture": "#0"},
				"east": {"uv": [0.5, 0, 0, 0.5], "texture": "#0"},
				"south": {"uv": [0.625, 0, 0, 0.5], "texture": "#0"},
				"west": {"uv": [0.5, 0, 0, 0.5], "texture": "#0"},
				"up": {"uv": [0.625, 0, 0, 0.5], "texture": "#0"},
				"down": {"uv": [0.625, 0, 0, 0.5], "texture": "#0"}
			}
		},
		{
			"from": [0, 12, 1],
			"to": [4.25, 13, 5],
			"faces": {
				"north": {"uv": [0, 0, 2.125, 0.5], "texture": "#0"},
				"east": {"uv": [0, 0, 2, 0.5], "texture": "#0"},
				"south": {"uv": [0, 0, 2.125, 0.5], "texture": "#0"},
				"west": {"uv": [0, 0, 2, 0.5], "texture": "#0"},
				"up": {"uv": [0, 0, 2.125, 2], "texture": "#0"},
				"down": {"uv": [0, 0, 2.125, 2], "texture": "#0"}
			}
		},
		{
			"from": [0, 12, 1],
			"to": [4.25, 13, 5],
			"faces": {
				"north": {"uv": [0, 0, 2.125, 0.5], "texture": "#0"},
				"east": {"uv": [0, 0, 2, 0.5], "texture": "#0"},
				"south": {"uv": [0, 0, 2.125, 0.5], "texture": "#0"},
				"west": {"uv": [0, 0, 2, 0.5], "texture": "#0"},
				"up": {"uv": [0, 0, 2.125, 2], "texture": "#0"},
				"down": {"uv": [0, 0, 2.125, 2], "texture": "#0"}
			}
		},
		{
			"from": [7.6875, 12.1875, 0.7375],
			"to": [8.3125, 12.8125, 1.175],
			"rotation": {"angle": 0, "axis": "y", "origin": [8, 12.5, 0.76875]},
			"faces": {
				"north": {"uv": [6, 9, 7, 10], "texture": "#1"},
				"east": {"uv": [7, 9, 8, 10], "texture": "#1"},
				"south": {"uv": [8, 9, 9, 10], "texture": "#1"},
				"west": {"uv": [9, 9, 10, 10], "texture": "#1"},
				"up": {"uv": [1, 11, 0, 10], "texture": "#1"},
				"down": {"uv": [2, 10, 1, 11], "texture": "#1"}
			}
		},
		{
			"from": [7.375, 12.1875, 0.8],
			"to": [7.6875, 12.8125, 0.9875],
			"rotation": {"angle": 22.5, "axis": "y", "origin": [7.53125, 12.5, 0.76875]},
			"faces": {
				"north": {"uv": [2, 10, 3, 11], "texture": "#1"},
				"east": {"uv": [3, 10, 4, 11], "texture": "#1"},
				"south": {"uv": [4, 10, 5, 11], "texture": "#1"},
				"west": {"uv": [5, 10, 6, 11], "texture": "#1"},
				"up": {"uv": [7, 11, 6, 10], "texture": "#1"},
				"down": {"uv": [8, 10, 7, 11], "texture": "#1"}
			}
		},
		{
			"from": [7.69375, 12.78125, 0.8],
			"to": [8.31875, 13.09375, 0.9875],
			"rotation": {"angle": 22.5, "axis": "x", "origin": [8.03125, 12.9375, 0.83125]},
			"faces": {
				"north": {"uv": [8, 10, 9, 11], "texture": "#1"},
				"east": {"uv": [9, 10, 10, 11], "texture": "#1"},
				"south": {"uv": [10, 9, 11, 10], "texture": "#1"},
				"west": {"uv": [10, 10, 11, 11], "texture": "#1"},
				"up": {"uv": [1, 12, 0, 11], "texture": "#1"},
				"down": {"uv": [2, 11, 1, 12], "texture": "#1"}
			}
		},
		{
			"from": [7.55625, 12.72692, 0.83153],
			"to": [7.75625, 13.05192, 1.05653],
			"rotation": {"angle": -45, "axis": "z", "origin": [7.6, 12.87692, 0.95028]},
			"faces": {
				"north": {"uv": [2, 11, 3, 12], "texture": "#1"},
				"east": {"uv": [3, 11, 4, 12], "texture": "#1"},
				"south": {"uv": [11, 3, 12, 4], "texture": "#1"},
				"west": {"uv": [4, 11, 5, 12], "texture": "#1"},
				"up": {"uv": [12, 5, 11, 4], "texture": "#1"},
				"down": {"uv": [6, 11, 5, 12], "texture": "#1"}
			}
		},
		{
			"from": [8.32246, 12.78335, 0.83153],
			"to": [8.52246, 13.05835, 1.08153],
			"rotation": {"angle": 45, "axis": "z", "origin": [8.46621, 12.77085, 0.95653]},
			"faces": {
				"north": {"uv": [11, 5, 12, 6], "texture": "#1"},
				"east": {"uv": [6, 11, 7, 12], "texture": "#1"},
				"south": {"uv": [11, 6, 12, 7], "texture": "#1"},
				"west": {"uv": [7, 11, 8, 12], "texture": "#1"},
				"up": {"uv": [12, 8, 11, 7], "texture": "#1"},
				"down": {"uv": [9, 11, 8, 12], "texture": "#1"}
			}
		},
		{
			"from": [8.50158, 11.63307, 0.80653],
			"to": [8.60158, 11.87057, 1.10653],
			"rotation": {"angle": -45, "axis": "z", "origin": [8.93908, 12.18307, 0.95653]},
			"faces": {
				"north": {"uv": [11, 8, 12, 9], "texture": "#1"},
				"east": {"uv": [9, 11, 10, 12], "texture": "#1"},
				"south": {"uv": [11, 9, 12, 10], "texture": "#1"},
				"west": {"uv": [10, 11, 11, 12], "texture": "#1"},
				"up": {"uv": [12, 11, 11, 10], "texture": "#1"},
				"down": {"uv": [12, 11, 11, 12], "texture": "#1"}
			}
		},
		{
			"from": [7.76287, 11.70483, 0.80653],
			"to": [7.92537, 12.01733, 1.08153],
			"rotation": {"angle": 45, "axis": "z", "origin": [7.38787, 11.79858, 0.95653]},
			"faces": {
				"north": {"uv": [0, 12, 1, 13], "texture": "#1"},
				"east": {"uv": [1, 12, 2, 13], "texture": "#1"},
				"south": {"uv": [2, 12, 3, 13], "texture": "#1"},
				"west": {"uv": [3, 12, 4, 13], "texture": "#1"},
				"up": {"uv": [13, 4, 12, 3], "texture": "#1"},
				"down": {"uv": [5, 12, 4, 13], "texture": "#1"}
			}
		},
		{
			"from": [8.3125, 12.1875, 0.8],
			"to": [8.625, 12.8125, 0.9875],
			"rotation": {"angle": -22.5, "axis": "y", "origin": [8.46875, 12.5, 0.76875]},
			"faces": {
				"north": {"uv": [12, 4, 13, 5], "texture": "#1"},
				"east": {"uv": [5, 12, 6, 13], "texture": "#1"},
				"south": {"uv": [12, 5, 13, 6], "texture": "#1"},
				"west": {"uv": [6, 12, 7, 13], "texture": "#1"},
				"up": {"uv": [13, 7, 12, 6], "texture": "#1"},
				"down": {"uv": [8, 12, 7, 13], "texture": "#1"}
			}
		},
		{
			"from": [7.69375, 17.30625, 1.5],
			"to": [8.31875, 17.61875, 1.7125],
			"rotation": {"angle": -22.5, "axis": "x", "origin": [8.03125, 12.9375, 14.76875]},
			"faces": {
				"north": {"uv": [12, 7, 13, 8], "texture": "#1"},
				"east": {"uv": [8, 12, 9, 13], "texture": "#1"},
				"south": {"uv": [12, 8, 13, 9], "texture": "#1"},
				"west": {"uv": [9, 12, 10, 13], "texture": "#1"},
				"up": {"uv": [13, 10, 12, 9], "texture": "#1"},
				"down": {"uv": [11, 12, 10, 13], "texture": "#1"}
			}
		},
		{
			"from": [7.375, 12.1875, 0.925],
			"to": [7.6875, 12.8125, 1.1125],
			"rotation": {"angle": -22.5, "axis": "y", "origin": [7.53125, 12.5, 1.14375]},
			"faces": {
				"north": {"uv": [12, 10, 13, 11], "texture": "#1"},
				"east": {"uv": [11, 12, 12, 13], "texture": "#1"},
				"south": {"uv": [12, 11, 13, 12], "texture": "#1"},
				"west": {"uv": [12, 12, 13, 13], "texture": "#1"},
				"up": {"uv": [1, 14, 0, 13], "texture": "#1"},
				"down": {"uv": [2, 13, 1, 14], "texture": "#1"}
			}
		},
		{
			"from": [7.69375, 12.80625, 0.925],
			"to": [8.31875, 13.11875, 1.1125],
			"rotation": {"angle": -22.5, "axis": "x", "origin": [8.03125, 12.9375, 1.08125]},
			"faces": {
				"north": {"uv": [2, 13, 3, 14], "texture": "#1"},
				"east": {"uv": [3, 13, 4, 14], "texture": "#1"},
				"south": {"uv": [13, 3, 14, 4], "texture": "#1"},
				"west": {"uv": [4, 13, 5, 14], "texture": "#1"},
				"up": {"uv": [14, 5, 13, 4], "texture": "#1"},
				"down": {"uv": [6, 13, 5, 14], "texture": "#1"}
			}
		},
		{
			"from": [8.3125, 12.1875, 0.925],
			"to": [8.625, 12.8125, 1.1125],
			"rotation": {"angle": 22.5, "axis": "y", "origin": [8.46875, 12.5, 1.14375]},
			"faces": {
				"north": {"uv": [13, 5, 14, 6], "texture": "#1"},
				"east": {"uv": [6, 13, 7, 14], "texture": "#1"},
				"south": {"uv": [13, 6, 14, 7], "texture": "#1"},
				"west": {"uv": [7, 13, 8, 14], "texture": "#1"},
				"up": {"uv": [14, 8, 13, 7], "texture": "#1"},
				"down": {"uv": [9, 13, 8, 14], "texture": "#1"}
			}
		},
		{
			"from": [7.69375, 17.30625, 0.2],
			"to": [8.31875, 17.61875, 0.3875],
			"rotation": {"angle": 22.5, "axis": "x", "origin": [8.03125, 12.9375, -12.85625]},
			"faces": {
				"north": {"uv": [13, 8, 14, 9], "texture": "#1"},
				"east": {"uv": [9, 13, 10, 14], "texture": "#1"},
				"south": {"uv": [13, 9, 14, 10], "texture": "#1"},
				"west": {"uv": [10, 13, 11, 14], "texture": "#1"},
				"up": {"uv": [14, 11, 13, 10], "texture": "#1"},
				"down": {"uv": [12, 13, 11, 14], "texture": "#1"}
			}
		},
		{
			"from": [3.5, 12.4375, 0.9],
			"to": [12.625, 12.5625, 1.025],
			"rotation": {"angle": 0, "axis": "y", "origin": [0, 0, -0.2]},
			"faces": {
				"north": {"uv": [0, 0, 8, 1], "texture": "#1"},
				"east": {"uv": [13, 11, 14, 12], "texture": "#1"},
				"south": {"uv": [0, 1, 8, 2], "texture": "#1"},
				"west": {"uv": [12, 13, 13, 14], "texture": "#1"},
				"up": {"uv": [8, 3, 0, 2], "texture": "#1"},
				"down": {"uv": [8, 3, 0, 4], "texture": "#1"}
			}
		},
		{
			"from": [3.6875, 12.8125, 0.9],
			"to": [12.4375, 12.9375, 1.025],
			"rotation": {"angle": 0, "axis": "y", "origin": [0, 0, -0.2]},
			"faces": {
				"north": {"uv": [0, 4, 8, 5], "texture": "#1"},
				"east": {"uv": [13, 12, 14, 13], "texture": "#1"},
				"south": {"uv": [0, 5, 8, 6], "texture": "#1"},
				"west": {"uv": [13, 13, 14, 14], "texture": "#1"},
				"up": {"uv": [8, 7, 0, 6], "texture": "#1"},
				"down": {"uv": [8, 7, 0, 8], "texture": "#1"}
			}
		},
		{
			"from": [3.6875, 12.0625, 0.9],
			"to": [12.4375, 12.1875, 1.025],
			"rotation": {"angle": 0, "axis": "y", "origin": [0, 0, -0.2]},
			"faces": {
				"north": {"uv": [0, 8, 8, 9], "texture": "#1"},
				"east": {"uv": [0, 14, 1, 15], "texture": "#1"},
				"south": {"uv": [8, 0, 16, 1], "texture": "#1"},
				"west": {"uv": [1, 14, 2, 15], "texture": "#1"},
				"up": {"uv": [16, 2, 8, 1], "texture": "#1"},
				"down": {"uv": [16, 2, 8, 3], "texture": "#1"}
			}
		},
		{
			"from": [3.8125, 12.1875, 0.9625],
			"to": [7.0625, 12.4375, 0.9625],
			"rotation": {"angle": 0, "axis": "y", "origin": [0, 0, -0.2]},
			"faces": {
				"north": {"uv": [8, 3, 11, 4], "texture": "#1"},
				"east": {"uv": [0, 0, 0, 1], "texture": "#1"},
				"south": {"uv": [8, 4, 11, 5], "texture": "#1"},
				"west": {"uv": [0, 0, 0, 1], "texture": "#1"},
				"up": {"uv": [3, 0, 0, 0], "texture": "#1"},
				"down": {"uv": [3, 0, 0, 0], "texture": "#1"}
			}
		},
		{
			"from": [3.8125, 12.5625, 0.9625],
			"to": [7.0625, 12.8125, 0.9625],
			"rotation": {"angle": 0, "axis": "y", "origin": [0, 0, -0.2]},
			"faces": {
				"north": {"uv": [8, 5, 11, 6], "texture": "#1"},
				"east": {"uv": [0, 0, 0, 1], "texture": "#1"},
				"south": {"uv": [8, 6, 11, 7], "texture": "#1"},
				"west": {"uv": [0, 0, 0, 1], "texture": "#1"},
				"up": {"uv": [3, 0, 0, 0], "texture": "#1"},
				"down": {"uv": [3, 0, 0, 0], "texture": "#1"}
			}
		},
		{
			"from": [9, 12.5625, 0.9625],
			"to": [12.25, 12.8125, 0.9625],
			"rotation": {"angle": 0, "axis": "y", "origin": [0, 0, -0.2]},
			"faces": {
				"north": {"uv": [8, 7, 11, 8], "texture": "#1"},
				"east": {"uv": [0, 0, 0, 1], "texture": "#1"},
				"south": {"uv": [8, 8, 11, 9], "texture": "#1"},
				"west": {"uv": [0, 0, 0, 1], "texture": "#1"},
				"up": {"uv": [3, 0, 0, 0], "texture": "#1"},
				"down": {"uv": [3, 0, 0, 0], "texture": "#1"}
			}
		},
		{
			"from": [9, 12.1875, 0.9625],
			"to": [12.25, 12.4375, 0.9625],
			"rotation": {"angle": 0, "axis": "y", "origin": [0, 0, -0.2]},
			"faces": {
				"north": {"uv": [0, 9, 3, 10], "texture": "#1"},
				"east": {"uv": [0, 0, 0, 1], "texture": "#1"},
				"south": {"uv": [3, 9, 6, 10], "texture": "#1"},
				"west": {"uv": [0, 0, 0, 1], "texture": "#1"},
				"up": {"uv": [3, 0, 0, 0], "texture": "#1"},
				"down": {"uv": [3, 0, 0, 0], "texture": "#1"}
			}
		}
	],
	"display": {
		"thirdperson_righthand": {
			"translation": [0, 3, 1],
			"scale": [0.55, 0.55, 0.55]
		},
		"thirdperson_lefthand": {
			"translation": [0, 3, 1],
			"scale": [0.55, 0.55, 0.55]
		},
		"firstperson_righthand": {
			"rotation": [0, 45, 0],
			"scale": [0.4, 0.4, 0.4]
		},
		"firstperson_lefthand": {
			"scale": [0.4, 0.4, 0.4]
		},
		"ground": {
			"translation": [0, 2, 0],
			"scale": [0.5, 0.5, 0.5]
		},
		"head": {
			"translation": [0, 1.5, -0.5]
		},
		"fixed": {
			"rotation": [0, -180, 0],
			"translation": [0, 1.25, -3.25],
			"scale": [0.78, 0.95, 0.59]
		}
	},
	"groups": [
		{
			"name": "ram_horn",
			"origin": [8, 8, 8],
			"color": 0,
			"children": [0, 1, 2, 3, 4, 5, 6, 7, 8, 9, 10, 11, 12, 13, 14, 15, 16, 17, 18, 19, 20, 21, 22, 23, 24, 25, 26]
		},
		{
			"name": "ram_horn",
			"origin": [8, 8, 8],
			"color": 0,
			"children": [27, 28, 29, 30, 31, 32, 33, 34, 35, 36, 37, 38, 39, 40, 41, 42, 43, 44, 45, 46, 47, 48, 49, 50, 51, 52, 53, 54]
		},
		{
			"name": "gemstone",
			"origin": [16, 0, 0],
			"color": 0,
			"children": [55, 56, 57, 58, 59, 60, 61, 62, 63, 64, 65, 66, 67, 68, 69, 70, 71, 72, 73, 74]
		}
	]
}