{
	"credit": "Made with Blockbench",
	"texture_size": [32, 32],
	"textures": {
		"0": "item/cities/arcadia/robe/robe",
		"1": "item/cities/arcadia/robe/texture",
		"2": "item/cities/arcadia/robe/ribbon",
		"particle": "item/cities/arcadia/robe/robe"
	},
	"elements": [
		{
			"from": [1, 1, 12],
			"to": [4, 26.5, 13],
			"faces": {
				"north": {"uv": [3, 0, 3.375, 3.1875], "texture": "#0"},
				"east": {"uv": [6.5, 3.5, 6.625, 6.6875], "texture": "#0"},
				"south": {"uv": [3, 3.25, 3.375, 6.4375], "texture": "#0"},
				"west": {"uv": [3.625, 6.5, 3.75, 9.6875], "texture": "#0"},
				"up": {"uv": [7.5, 2.625, 7.125, 2.5], "texture": "#0"},
				"down": {"uv": [7.5, 2.625, 7.125, 2.75], "texture": "#0"}
			}
		},
		{
			"from": [12, 1, 12],
			"to": [15, 26.5, 13],
			"faces": {
				"north": {"uv": [3.375, 0, 3.75, 3.1875], "texture": "#0"},
				"east": {"uv": [6.625, 0, 6.75, 3.1875], "texture": "#0"},
				"south": {"uv": [3.375, 3.25, 3.75, 6.4375], "texture": "#0"},
				"west": {"uv": [1.5, 6.625, 1.625, 9.8125], "texture": "#0"},
				"up": {"uv": [7.5, 2.875, 7.125, 2.75], "texture": "#0"},
				"down": {"uv": [7.5, 2.875, 7.125, 3], "texture": "#0"}
			}
		},
		{
			"from": [9, 2, 12],
			"to": [12, 26.5, 13],
			"faces": {
				"north": {"uv": [1.5, 3.5, 1.875, 6.5625], "texture": "#0"},
				"east": {"uv": [1.625, 6.625, 1.75, 9.6875], "texture": "#0"},
				"south": {"uv": [1.875, 3.5, 2.25, 6.5625], "texture": "#0"},
				"west": {"uv": [1.75, 6.625, 1.875, 9.6875], "texture": "#0"},
				"up": {"uv": [7.5, 3.375, 7.125, 3.25], "texture": "#0"},
				"down": {"uv": [7.5, 3.375, 7.125, 3.5], "texture": "#0"}
			}
		},
		{
			"from": [4, 2, 12],
			"to": [7, 26.5, 13],
			"faces": {
				"north": {"uv": [2.25, 3.5, 2.625, 6.5625], "texture": "#0"},
				"east": {"uv": [1.875, 6.625, 2, 9.6875], "texture": "#0"},
				"south": {"uv": [2.625, 3.5, 3, 6.5625], "texture": "#0"},
				"west": {"uv": [2, 6.625, 2.125, 9.6875], "texture": "#0"},
				"up": {"uv": [7.5, 3.625, 7.125, 3.5], "texture": "#0"},
				"down": {"uv": [7.5, 3.625, 7.125, 3.75], "texture": "#0"}
			}
		},
		{
			"from": [7, 4, 12],
			"to": [9, 26.5, 13],
			"faces": {
				"north": {"uv": [4, 0, 4.25, 2.8125], "texture": "#0"},
				"east": {"uv": [2.625, 6.625, 2.75, 9.4375], "texture": "#0"},
				"south": {"uv": [4, 2.875, 4.25, 5.6875], "texture": "#0"},
				"west": {"uv": [2.75, 6.625, 2.875, 9.4375], "texture": "#0"},
				"up": {"uv": [4, 7.25, 3.75, 7.125], "texture": "#0"},
				"down": {"uv": [7.375, 4.25, 7.125, 4.375], "texture": "#0"}
			}
		},
		{
			"from": [14, 0, 10],
			"to": [15, 26.5, 12],
			"rotation": {"angle": 0, "axis": "y", "origin": [8, 13.75, 12.5]},
			"faces": {
				"north": {"uv": [3.125, 6.5, 3.25, 9.8125], "texture": "#0"},
				"east": {"uv": [0.75, 3.75, 1, 7.0625], "texture": "#0"},
				"south": {"uv": [3.25, 6.5, 3.375, 9.8125], "texture": "#0"},
				"west": {"uv": [1, 3.75, 1.25, 7.0625], "texture": "#0"},
				"up": {"uv": [6.625, 7, 6.5, 6.75], "texture": "#0"},
				"down": {"uv": [7.25, 4.375, 7.125, 4.625], "texture": "#0"}
			}
		},
		{
			"from": [14, -1, 7],
			"to": [15, 26.5, 10],
			"rotation": {"angle": 0, "axis": "y", "origin": [8, 13.75, 12.5]},
			"faces": {
				"north": {"uv": [6.375, 0, 6.5, 3.4375], "texture": "#0"},
				"east": {"uv": [1.5, 0, 1.875, 3.4375], "texture": "#0"},
				"south": {"uv": [6.375, 3.5, 6.5, 6.9375], "texture": "#0"},
				"west": {"uv": [1.875, 0, 2.25, 3.4375], "texture": "#0"},
				"up": {"uv": [3, 7, 2.875, 6.625], "texture": "#0"},
				"down": {"uv": [3, 7, 2.875, 7.375], "texture": "#0"}
			}
		},
		{
			"from": [14, -2, 6],
			"to": [15, 26.5, 7],
			"rotation": {"angle": 0, "axis": "y", "origin": [8, 13.75, 12.5]},
			"faces": {
				"north": {"uv": [5.875, 0, 6, 3.5625], "texture": "#0"},
				"east": {"uv": [5.875, 3.625, 6, 7.1875], "texture": "#0"},
				"south": {"uv": [6, 0, 6.125, 3.5625], "texture": "#0"},
				"west": {"uv": [6, 3.625, 6.125, 7.1875], "texture": "#0"},
				"up": {"uv": [3.875, 7.375, 3.75, 7.25], "texture": "#0"},
				"down": {"uv": [4, 7.25, 3.875, 7.375], "texture": "#0"}
			}
		},
		{
			"from": [14, -3, 5],
			"to": [15, 26.5, 6],
			"rotation": {"angle": 0, "axis": "y", "origin": [8, 13.75, 12.5]},
			"faces": {
				"north": {"uv": [4.25, 4, 4.375, 7.6875], "texture": "#0"},
				"east": {"uv": [4.375, 4, 4.5, 7.6875], "texture": "#0"},
				"south": {"uv": [4.5, 4, 4.625, 7.6875], "texture": "#0"},
				"west": {"uv": [4.625, 4, 4.75, 7.6875], "texture": "#0"},
				"up": {"uv": [7.375, 4.5, 7.25, 4.375], "texture": "#0"},
				"down": {"uv": [7.375, 4.5, 7.25, 4.625], "texture": "#0"}
			}
		},
		{
			"from": [12, -3, 4],
			"to": [15, 26.5, 5],
			"rotation": {"angle": 0, "axis": "y", "origin": [8, 13.75, 12.5]},
			"faces": {
				"north": {"uv": [0, 0, 0.375, 3.6875], "texture": "#0"},
				"east": {"uv": [4.75, 0, 4.875, 3.6875], "texture": "#0"},
				"south": {"uv": [0.375, 0, 0.75, 3.6875], "texture": "#0"},
				"west": {"uv": [4.75, 3.75, 4.875, 7.4375], "texture": "#0"},
				"up": {"uv": [7.5, 3.875, 7.125, 3.75], "texture": "#0"},
				"down": {"uv": [7.5, 3.875, 7.125, 4], "texture": "#0"}
			}
		},
		{
			"from": [10, -4, 4],
			"to": [12, 25.5, 5],
			"rotation": {"angle": 0, "axis": "y", "origin": [8, 13.75, 12.5]},
			"faces": {
				"north": {"uv": [0, 3.75, 0.25, 7.4375], "texture": "#0"},
				"east": {"uv": [4.875, 0, 5, 3.6875], "texture": "#0"},
				"south": {"uv": [3.75, 0, 4, 3.6875], "texture": "#0"},
				"west": {"uv": [4.875, 3.75, 5, 7.4375], "texture": "#0"},
				"up": {"uv": [7.375, 4.75, 7.125, 4.625], "texture": "#0"},
				"down": {"uv": [7.375, 4.75, 7.125, 4.875], "texture": "#0"}
			}
		},
		{
			"from": [9, -5, 4],
			"to": [10, 24.5, 5],
			"rotation": {"angle": 0, "axis": "y", "origin": [8, 13.75, 12.5]},
			"faces": {
				"north": {"uv": [5, 0, 5.125, 3.6875], "texture": "#0"},
				"east": {"uv": [5, 3.75, 5.125, 7.4375], "texture": "#0"},
				"south": {"uv": [5.125, 0, 5.25, 3.6875], "texture": "#0"},
				"west": {"uv": [5.125, 3.75, 5.25, 7.4375], "texture": "#0"},
				"up": {"uv": [7.375, 5, 7.25, 4.875], "texture": "#0"},
				"down": {"uv": [7.375, 5, 7.25, 5.125], "texture": "#0"}
			}
		},
		{
			"from": [1, 0, 10],
			"to": [2, 26.5, 12],
			"rotation": {"angle": 0, "axis": "y", "origin": [8, 13.75, 12.5]},
			"faces": {
				"north": {"uv": [3.375, 6.5, 3.5, 9.8125], "texture": "#0"},
				"east": {"uv": [1.25, 3.75, 1.5, 7.0625], "texture": "#0"},
				"south": {"uv": [3.5, 6.5, 3.625, 9.8125], "texture": "#0"},
				"west": {"uv": [3.75, 3.75, 4, 7.0625], "texture": "#0"},
				"up": {"uv": [7.25, 5.125, 7.125, 4.875], "texture": "#0"},
				"down": {"uv": [7.25, 5.125, 7.125, 5.375], "texture": "#0"}
			}
		},
		{
			"from": [1, -1, 7],
			"to": [2, 26.5, 10],
			"rotation": {"angle": 0, "axis": "y", "origin": [8, 13.75, 12.5]},
			"faces": {
				"north": {"uv": [6.5, 0, 6.625, 3.4375], "texture": "#0"},
				"east": {"uv": [2.25, 0, 2.625, 3.4375], "texture": "#0"},
				"south": {"uv": [3, 6.5, 3.125, 9.9375], "texture": "#0"},
				"west": {"uv": [2.625, 0, 3, 3.4375], "texture": "#0"},
				"up": {"uv": [1.375, 7.5, 1.25, 7.125], "texture": "#0"},
				"down": {"uv": [1.5, 7.125, 1.375, 7.5], "texture": "#0"}
			}
		},
		{
			"from": [10, 26.5, 5],
			"to": [14, 27.5, 11],
			"rotation": {"angle": 0, "axis": "y", "origin": [8, 13.75, 12.5]},
			"faces": {
				"north": {"uv": [6.75, 3, 7.25, 3.125], "texture": "#0"},
				"east": {"uv": [6.75, 1.5, 7.5, 1.625], "texture": "#0"},
				"south": {"uv": [6.75, 3.125, 7.25, 3.25], "texture": "#0"},
				"west": {"uv": [6.75, 1.625, 7.5, 1.75], "texture": "#0"},
				"up": {"uv": [2.625, 7.375, 2.125, 6.625], "texture": "#0"},
				"down": {"uv": [7.125, 3.25, 6.625, 4], "texture": "#0"}
			}
		},
		{
			"from": [10, 25.8125, 4.25],
			"to": [14, 26.5, 12],
			"rotation": {"angle": 0, "axis": "y", "origin": [8, 13.75, 12.5]},
			"faces": {
				"north": {"uv": [7.125, 5.375, 7.625, 5.4375], "texture": "#0"},
				"east": {"uv": [6.375, 7, 7.375, 7.0625], "texture": "#0"},
				"south": {"uv": [6.375, 7.125, 6.875, 7.1875], "texture": "#0"},
				"west": {"uv": [7.125, 2, 8.125, 2.0625], "texture": "#0"},
				"up": {"uv": [4.75, 1, 4.25, 0], "texture": "#0"},
				"down": {"uv": [4.75, 1, 4.25, 2], "texture": "#0"}
			}
		},
		{
			"from": [9.375, 24.125, 4.125],
			"to": [14, 25.8125, 7],
			"rotation": {"angle": 0, "axis": "y", "origin": [8, 13.75, 12.5]},
			"faces": {
				"north": {"uv": [6.75, 0.5, 7.3125, 0.6875], "texture": "#0"},
				"east": {"uv": [6.75, 2, 7.125, 2.1875], "texture": "#0"},
				"south": {"uv": [6.75, 0.75, 7.3125, 0.9375], "texture": "#0"},
				"west": {"uv": [6.75, 2.25, 7.125, 2.4375], "texture": "#0"},
				"up": {"uv": [7.1875, 5.875, 6.625, 5.5], "texture": "#0"},
				"down": {"uv": [7.1875, 5.875, 6.625, 6.25], "texture": "#0"}
			}
		},
		{
			"from": [2, 25.8125, 4.25],
			"to": [6, 26.5, 12],
			"rotation": {"angle": 0, "axis": "y", "origin": [8, 13.75, 12.5]},
			"faces": {
				"north": {"uv": [6.875, 7.125, 7.375, 7.1875], "texture": "#0"},
				"east": {"uv": [7.125, 2.125, 8.125, 2.1875], "texture": "#0"},
				"south": {"uv": [0.75, 7.25, 1.25, 7.3125], "texture": "#0"},
				"west": {"uv": [7.125, 2.25, 8.125, 2.3125], "texture": "#0"},
				"up": {"uv": [4.75, 3, 4.25, 2], "texture": "#0"},
				"down": {"uv": [4.75, 3, 4.25, 4], "texture": "#0"}
			}
		},
		{
			"from": [2, 26.5, 5],
			"to": [6, 27.5, 11],
			"rotation": {"angle": 0, "axis": "y", "origin": [8, 13.75, 12.5]},
			"faces": {
				"north": {"uv": [0.75, 7.125, 1.25, 7.25], "texture": "#0"},
				"east": {"uv": [6.75, 1.75, 7.5, 1.875], "texture": "#0"},
				"south": {"uv": [7.125, 2.375, 7.625, 2.5], "texture": "#0"},
				"west": {"uv": [6.75, 1.875, 7.5, 2], "texture": "#0"},
				"up": {"uv": [7.125, 4.75, 6.625, 4], "texture": "#0"},
				"down": {"uv": [7.125, 4.75, 6.625, 5.5], "texture": "#0"}
			}
		},
		{
			"from": [3, 26.5, 11],
			"to": [13, 27.5, 12],
			"rotation": {"angle": 0, "axis": "y", "origin": [8, 13.75, 12.5]},
			"faces": {
				"north": {"uv": [6.75, 0, 8, 0.125], "texture": "#0"},
				"east": {"uv": [7.25, 5.125, 7.375, 5.25], "texture": "#0"},
				"south": {"uv": [6.75, 0.125, 8, 0.25], "texture": "#0"},
				"west": {"uv": [7.25, 5.25, 7.375, 5.375], "texture": "#0"},
				"up": {"uv": [8, 0.375, 6.75, 0.25], "texture": "#0"},
				"down": {"uv": [8, 0.375, 6.75, 0.5], "texture": "#0"}
			}
		},
		{
			"from": [2, 24.125, 4.125],
			"to": [6.625, 25.8125, 7],
			"rotation": {"angle": 0, "axis": "y", "origin": [8, 13.75, 12.5]},
			"faces": {
				"north": {"uv": [6.75, 1, 7.3125, 1.1875], "texture": "#0"},
				"east": {"uv": [6.75, 2.5, 7.125, 2.6875], "texture": "#0"},
				"south": {"uv": [6.75, 1.25, 7.3125, 1.4375], "texture": "#0"},
				"west": {"uv": [6.75, 2.75, 7.125, 2.9375], "texture": "#0"},
				"up": {"uv": [7.1875, 6.625, 6.625, 6.25], "texture": "#0"},
				"down": {"uv": [7.1875, 6.625, 6.625, 7], "texture": "#0"}
			}
		},
		{
			"from": [1, -2, 6],
			"to": [2, 26.5, 7],
			"rotation": {"angle": 0, "axis": "y", "origin": [8, 13.75, 12.5]},
			"faces": {
				"north": {"uv": [6.125, 0, 6.25, 3.5625], "texture": "#0"},
				"east": {"uv": [6.125, 3.625, 6.25, 7.1875], "texture": "#0"},
				"south": {"uv": [6.25, 0, 6.375, 3.5625], "texture": "#0"},
				"west": {"uv": [6.25, 3.625, 6.375, 7.1875], "texture": "#0"},
				"up": {"uv": [7.375, 5.625, 7.25, 5.5], "texture": "#0"},
				"down": {"uv": [7.375, 5.625, 7.25, 5.75], "texture": "#0"}
			}
		},
		{
			"from": [1, -3, 5],
			"to": [2, 26.5, 6],
			"rotation": {"angle": 0, "axis": "y", "origin": [8, 13.75, 12.5]},
			"faces": {
				"north": {"uv": [5.25, 0, 5.375, 3.6875], "texture": "#0"},
				"east": {"uv": [5.25, 3.75, 5.375, 7.4375], "texture": "#0"},
				"south": {"uv": [5.375, 0, 5.5, 3.6875], "texture": "#0"},
				"west": {"uv": [5.375, 3.75, 5.5, 7.4375], "texture": "#0"},
				"up": {"uv": [7.375, 5.875, 7.25, 5.75], "texture": "#0"},
				"down": {"uv": [6, 7.25, 5.875, 7.375], "texture": "#0"}
			}
		},
		{
			"from": [1, -3, 4],
			"to": [4, 26.5, 5],
			"rotation": {"angle": 0, "axis": "y", "origin": [8, 13.75, 12.5]},
			"faces": {
				"north": {"uv": [0.75, 0, 1.125, 3.6875], "texture": "#0"},
				"east": {"uv": [5.5, 0, 5.625, 3.6875], "texture": "#0"},
				"south": {"uv": [1.125, 0, 1.5, 3.6875], "texture": "#0"},
				"west": {"uv": [5.5, 3.75, 5.625, 7.4375], "texture": "#0"},
				"up": {"uv": [7.5, 4.125, 7.125, 4], "texture": "#0"},
				"down": {"uv": [7.5, 4.125, 7.125, 4.25], "texture": "#0"}
			}
		},
		{
			"from": [4, -4, 4],
			"to": [6, 25.5, 5],
			"rotation": {"angle": 0, "axis": "y", "origin": [8, 13.75, 12.5]},
			"faces": {
				"north": {"uv": [0.25, 3.75, 0.5, 7.4375], "texture": "#0"},
				"east": {"uv": [5.625, 0, 5.75, 3.6875], "texture": "#0"},
				"south": {"uv": [0.5, 3.75, 0.75, 7.4375], "texture": "#0"},
				"west": {"uv": [5.625, 3.75, 5.75, 7.4375], "texture": "#0"},
				"up": {"uv": [7.5, 3.125, 7.25, 3], "texture": "#0"},
				"down": {"uv": [7.5, 3.125, 7.25, 3.25], "texture": "#0"}
			}
		},
		{
			"from": [6, -5, 4],
			"to": [7, 24.5, 5],
			"rotation": {"angle": 0, "axis": "y", "origin": [8, 13.75, 12.5]},
			"faces": {
				"north": {"uv": [5.75, 0, 5.875, 3.6875], "texture": "#0"},
				"east": {"uv": [5.75, 3.75, 5.875, 7.4375], "texture": "#0"},
				"south": {"uv": [4, 5.75, 4.125, 9.4375], "texture": "#0"},
				"west": {"uv": [4.125, 5.75, 4.25, 9.4375], "texture": "#0"},
				"up": {"uv": [7.375, 6, 7.25, 5.875], "texture": "#0"},
				"down": {"uv": [6.125, 7.25, 6, 7.375], "texture": "#0"}
			}
		},
		{
			"from": [7.5625, 19.6875, 13],
			"to": [8.3125, 23, 13.1875],
			"faces": {
				"north": {"uv": [0, 0, 1, 3.5], "texture": "#1"},
				"east": {"uv": [4, 5, 4.5, 8.5], "texture": "#1"},
				"south": {"uv": [1, 0, 2, 3.5], "texture": "#1"},
				"west": {"uv": [5, 5, 5.5, 8.5], "texture": "#1"},
				"up": {"uv": [11, 10.5, 10, 10], "texture": "#1"},
				"down": {"uv": [12, 0, 11, 0.5], "texture": "#1"}
			}
		},
		{
			"from": [7.125, 19.25, 13],
			"to": [7.5625, 22.5625, 13.1875],
			"faces": {
				"north": {"uv": [6, 0, 6.5, 3.5], "texture": "#1"},
				"east": {"uv": [6, 4, 6.5, 7.5], "texture": "#1"},
				"south": {"uv": [7, 0, 7.5, 3.5], "texture": "#1"},
				"west": {"uv": [7, 4, 7.5, 7.5], "texture": "#1"},
				"up": {"uv": [9.5, 12.5, 9, 12], "texture": "#1"},
				"down": {"uv": [12.5, 9, 12, 9.5], "texture": "#1"}
			}
		},
		{
			"from": [6.6875, 18.9375, 13],
			"to": [7.125, 21.9375, 13.1875],
			"faces": {
				"north": {"uv": [8, 8, 8.5, 11], "texture": "#1"},
				"east": {"uv": [0, 9, 0.5, 12], "texture": "#1"},
				"south": {"uv": [9, 0, 9.5, 3], "texture": "#1"},
				"west": {"uv": [1, 9, 1.5, 12], "texture": "#1"},
				"up": {"uv": [10.5, 12.5, 10, 12], "texture": "#1"},
				"down": {"uv": [12.5, 10, 12, 10.5], "texture": "#1"}
			}
		},
		{
			"from": [6.25, 16.5625, 13],
			"to": [6.6875, 21.125, 13.1875],
			"faces": {
				"north": {"uv": [2, 0, 2.5, 4.5], "texture": "#1"},
				"east": {"uv": [3, 0, 3.5, 4.5], "texture": "#1"},
				"south": {"uv": [0, 4, 0.5, 8.5], "texture": "#1"},
				"west": {"uv": [4, 0, 4.5, 4.5], "texture": "#1"},
				"up": {"uv": [11.5, 12.5, 11, 12], "texture": "#1"},
				"down": {"uv": [12.5, 11, 12, 11.5], "texture": "#1"}
			}
		},
		{
			"from": [9.1875, 16.5625, 13],
			"to": [9.625, 21.125, 13.1875],
			"faces": {
				"north": {"uv": [1, 4, 1.5, 8.5], "texture": "#1"},
				"east": {"uv": [5, 0, 5.5, 4.5], "texture": "#1"},
				"south": {"uv": [2, 5, 2.5, 9.5], "texture": "#1"},
				"west": {"uv": [3, 5, 3.5, 9.5], "texture": "#1"},
				"up": {"uv": [12.5, 12.5, 12, 12], "texture": "#1"},
				"down": {"uv": [0.5, 13, 0, 13.5], "texture": "#1"}
			}
		},
		{
			"from": [8.75, 17.1875, 13],
			"to": [9.1875, 18.3125, 13.1875],
			"faces": {
				"north": {"uv": [11, 1, 11.5, 2], "texture": "#1"},
				"east": {"uv": [11, 2, 11.5, 3], "texture": "#1"},
				"south": {"uv": [11, 3, 11.5, 4], "texture": "#1"},
				"west": {"uv": [11, 4, 11.5, 5], "texture": "#1"},
				"up": {"uv": [13.5, 0.5, 13, 0], "texture": "#1"},
				"down": {"uv": [1.5, 13, 1, 13.5], "texture": "#1"}
			}
		},
		{
			"from": [8.5625, 17.4375, 13],
			"to": [8.75, 18.125, 13.1875],
			"faces": {
				"north": {"uv": [13, 1, 13.5, 1.5], "texture": "#1"},
				"east": {"uv": [2, 13, 2.5, 13.5], "texture": "#1"},
				"south": {"uv": [13, 2, 13.5, 2.5], "texture": "#1"},
				"west": {"uv": [3, 13, 3.5, 13.5], "texture": "#1"},
				"up": {"uv": [13.5, 3.5, 13, 3], "texture": "#1"},
				"down": {"uv": [4.5, 13, 4, 13.5], "texture": "#1"}
			}
		},
		{
			"from": [7.125, 17.4375, 13],
			"to": [7.3125, 18.125, 13.1875],
			"faces": {
				"north": {"uv": [13, 4, 13.5, 4.5], "texture": "#1"},
				"east": {"uv": [5, 13, 5.5, 13.5], "texture": "#1"},
				"south": {"uv": [13, 5, 13.5, 5.5], "texture": "#1"},
				"west": {"uv": [6, 13, 6.5, 13.5], "texture": "#1"},
				"up": {"uv": [13.5, 6.5, 13, 6], "texture": "#1"},
				"down": {"uv": [7.5, 13, 7, 13.5], "texture": "#1"}
			}
		},
		{
			"from": [6.6875, 17.1875, 13],
			"to": [7.125, 18.3125, 13.1875],
			"faces": {
				"north": {"uv": [11, 5, 11.5, 6], "texture": "#1"},
				"east": {"uv": [11, 6, 11.5, 7], "texture": "#1"},
				"south": {"uv": [11, 7, 11.5, 8], "texture": "#1"},
				"west": {"uv": [8, 11, 8.5, 12], "texture": "#1"},
				"up": {"uv": [13.5, 7.5, 13, 7], "texture": "#1"},
				"down": {"uv": [8.5, 13, 8, 13.5], "texture": "#1"}
			}
		},
		{
			"from": [5.875, 16, 13],
			"to": [6.3125, 17.125, 13.1875],
			"faces": {
				"north": {"uv": [11, 8, 11.5, 9], "texture": "#1"},
				"east": {"uv": [9, 11, 9.5, 12], "texture": "#1"},
				"south": {"uv": [11, 9, 11.5, 10], "texture": "#1"},
				"west": {"uv": [10, 11, 10.5, 12], "texture": "#1"},
				"up": {"uv": [13.5, 8.5, 13, 8], "texture": "#1"},
				"down": {"uv": [9.5, 13, 9, 13.5], "texture": "#1"}
			}
		},
		{
			"from": [5.4375, 15.4375, 13],
			"to": [5.875, 16.5625, 13.1875],
			"faces": {
				"north": {"uv": [11, 10, 11.5, 11], "texture": "#1"},
				"east": {"uv": [11, 11, 11.5, 12], "texture": "#1"},
				"south": {"uv": [0, 12, 0.5, 13], "texture": "#1"},
				"west": {"uv": [12, 0, 12.5, 1], "texture": "#1"},
				"up": {"uv": [13.5, 9.5, 13, 9], "texture": "#1"},
				"down": {"uv": [10.5, 13, 10, 13.5], "texture": "#1"}
			}
		},
		{
			"from": [5, 14.5, 13],
			"to": [5.4375, 15.625, 13.1875],
			"faces": {
				"north": {"uv": [1, 12, 1.5, 13], "texture": "#1"},
				"east": {"uv": [12, 1, 12.5, 2], "texture": "#1"},
				"south": {"uv": [2, 12, 2.5, 13], "texture": "#1"},
				"west": {"uv": [12, 2, 12.5, 3], "texture": "#1"},
				"up": {"uv": [13.5, 10.5, 13, 10], "texture": "#1"},
				"down": {"uv": [11.5, 13, 11, 13.5], "texture": "#1"}
			}
		},
		{
			"from": [10.5, 14.5, 13],
			"to": [10.9375, 15.625, 13.1875],
			"rotation": {"angle": 0, "axis": "y", "origin": [16, 0, 0]},
			"faces": {
				"north": {"uv": [3, 12, 3.5, 13], "texture": "#1"},
				"east": {"uv": [12, 3, 12.5, 4], "texture": "#1"},
				"south": {"uv": [4, 12, 4.5, 13], "texture": "#1"},
				"west": {"uv": [12, 4, 12.5, 5], "texture": "#1"},
				"up": {"uv": [13.5, 11.5, 13, 11], "texture": "#1"},
				"down": {"uv": [12.5, 13, 12, 13.5], "texture": "#1"}
			}
		},
		{
			"from": [10.0625, 15.4375, 13],
			"to": [10.5, 16.5625, 13.1875],
			"rotation": {"angle": 0, "axis": "y", "origin": [16, 0, 0]},
			"faces": {
				"north": {"uv": [5, 12, 5.5, 13], "texture": "#1"},
				"east": {"uv": [12, 5, 12.5, 6], "texture": "#1"},
				"south": {"uv": [6, 12, 6.5, 13], "texture": "#1"},
				"west": {"uv": [12, 6, 12.5, 7], "texture": "#1"},
				"up": {"uv": [13.5, 12.5, 13, 12], "texture": "#1"},
				"down": {"uv": [13.5, 13, 13, 13.5], "texture": "#1"}
			}
		},
		{
			"from": [9.625, 16, 13],
			"to": [10.0625, 17.125, 13.1875],
			"faces": {
				"north": {"uv": [7, 12, 7.5, 13], "texture": "#1"},
				"east": {"uv": [12, 7, 12.5, 8], "texture": "#1"},
				"south": {"uv": [8, 12, 8.5, 13], "texture": "#1"},
				"west": {"uv": [12, 8, 12.5, 9], "texture": "#1"},
				"up": {"uv": [0.5, 14.5, 0, 14], "texture": "#1"},
				"down": {"uv": [14.5, 0, 14, 0.5], "texture": "#1"}
			}
		},
		{
			"from": [9.625, 18.6875, 13],
			"to": [10.0625, 20.3125, 13.1875],
			"faces": {
				"north": {"uv": [9, 9, 9.5, 10.5], "texture": "#1"},
				"east": {"uv": [10, 0, 10.5, 1.5], "texture": "#1"},
				"south": {"uv": [2, 10, 2.5, 11.5], "texture": "#1"},
				"west": {"uv": [10, 2, 10.5, 3.5], "texture": "#1"},
				"up": {"uv": [1.5, 14.5, 1, 14], "texture": "#1"},
				"down": {"uv": [14.5, 1, 14, 1.5], "texture": "#1"}
			}
		},
		{
			"from": [5.8125, 18.6875, 13],
			"to": [6.25, 20.3125, 13.1875],
			"faces": {
				"north": {"uv": [3, 10, 3.5, 11.5], "texture": "#1"},
				"east": {"uv": [10, 4, 10.5, 5.5], "texture": "#1"},
				"south": {"uv": [10, 6, 10.5, 7.5], "texture": "#1"},
				"west": {"uv": [10, 8, 10.5, 9.5], "texture": "#1"},
				"up": {"uv": [2.5, 14.5, 2, 14], "texture": "#1"},
				"down": {"uv": [14.5, 2, 14, 2.5], "texture": "#1"}
			}
		},
		{
			"from": [8.75, 18.9375, 13],
			"to": [9.1875, 21.9375, 13.1875],
			"faces": {
				"north": {"uv": [9, 3, 9.5, 6], "texture": "#1"},
				"east": {"uv": [4, 9, 4.5, 12], "texture": "#1"},
				"south": {"uv": [5, 9, 5.5, 12], "texture": "#1"},
				"west": {"uv": [9, 6, 9.5, 9], "texture": "#1"},
				"up": {"uv": [3.5, 14.5, 3, 14], "texture": "#1"},
				"down": {"uv": [14.5, 3, 14, 3.5], "texture": "#1"}
			}
		},
		{
			"from": [8.3125, 19.25, 13],
			"to": [8.75, 22.5625, 13.1875],
			"faces": {
				"north": {"uv": [8, 0, 8.5, 3.5], "texture": "#1"},
				"east": {"uv": [8, 4, 8.5, 7.5], "texture": "#1"},
				"south": {"uv": [6, 8, 6.5, 11.5], "texture": "#1"},
				"west": {"uv": [7, 8, 7.5, 11.5], "texture": "#1"},
				"up": {"uv": [4.5, 14.5, 4, 14], "texture": "#1"},
				"down": {"uv": [14.5, 4, 14, 4.5], "texture": "#1"}
			}
		},
		{
			"from": [12.625, 9, 13],
			"to": [13, 21, 13.375],
			"faces": {
				"north": {"uv": [0, 0, 0.5, 6], "texture": "#2"},
				"east": {"uv": [0.5, 0, 1, 6], "texture": "#2"},
				"south": {"uv": [1, 0, 1.5, 6], "texture": "#2"},
				"west": {"uv": [1.5, 0, 2, 6], "texture": "#2"},
				"up": {"uv": [7.5, 4.5, 7, 4], "texture": "#2"},
				"down": {"uv": [8, 2, 7.5, 2.5], "texture": "#2"}
			}
		},
		{
			"from": [12.25, 14.625, 13],
			"to": [12.625, 26.625, 13.375],
			"faces": {
				"north": {"uv": [2, 0, 2.5, 6], "texture": "#2"},
				"east": {"uv": [2.5, 0, 3, 6], "texture": "#2"},
				"south": {"uv": [3, 0, 3.5, 6], "texture": "#2"},
				"west": {"uv": [3.5, 0, 4, 6], "texture": "#2"},
				"up": {"uv": [8, 3, 7.5, 2.5], "texture": "#2"},
				"down": {"uv": [8, 4, 7.5, 4.5], "texture": "#2"}
			}
		},
		{
			"from": [12.25, 14.5, 3.625],
			"to": [12.625, 26.5, 4],
			"faces": {
				"north": {"uv": [4, 0, 4.5, 6], "texture": "#2"},
				"east": {"uv": [4.5, 0, 5, 6], "texture": "#2"},
				"south": {"uv": [5, 0, 5.5, 6], "texture": "#2"},
				"west": {"uv": [5.5, 0, 6, 6], "texture": "#2"},
				"up": {"uv": [8, 6, 7.5, 5.5], "texture": "#2"},
				"down": {"uv": [8, 6.5, 7.5, 7], "texture": "#2"}
			}
		},
		{
			"from": [12.25, 26.5, 11.8125],
			"to": [12.625, 26.875, 13.375],
			"faces": {
				"north": {"uv": [7, 7.5, 7.5, 8], "texture": "#2"},
				"east": {"uv": [6.5, 5.5, 7.5, 6], "texture": "#2"},
				"south": {"uv": [7.5, 7, 8, 7.5], "texture": "#2"},
				"west": {"uv": [7, 0.5, 8, 1], "texture": "#2"},
				"up": {"uv": [7.5, 2, 7, 1], "texture": "#2"},
				"down": {"uv": [7.5, 2, 7, 3], "texture": "#2"}
			}
		},
		{
			"from": [12.25, 27.5, 4.8125],
			"to": [12.625, 27.875, 12.3125],
			"faces": {
				"north": {"uv": [7.5, 7.5, 8, 8], "texture": "#2"},
				"east": {"uv": [5.5, 6, 9.5, 6.5], "texture": "#2"},
				"south": {"uv": [8, 0.5, 8.5, 1], "texture": "#2"},
				"west": {"uv": [6.5, 0, 10.5, 0.5], "texture": "#2"},
				"up": {"uv": [7, 4.5, 6.5, 0.5], "texture": "#2"},
				"down": {"uv": [6, 6.5, 5.5, 10.5], "texture": "#2"}
			}
		},
		{
			"from": [12.25, 26.875, 11.8125],
			"to": [12.625, 27.5, 12.5],
			"faces": {
				"north": {"uv": [8, 1, 8.5, 1.5], "texture": "#2"},
				"east": {"uv": [8, 1.5, 8.5, 2], "texture": "#2"},
				"south": {"uv": [8, 2, 8.5, 2.5], "texture": "#2"},
				"west": {"uv": [8, 2.5, 8.5, 3], "texture": "#2"},
				"up": {"uv": [8.5, 3.5, 8, 3], "texture": "#2"},
				"down": {"uv": [8.5, 3.5, 8, 4], "texture": "#2"}
			}
		},
		{
			"from": [12.25, 26.875, 4.625],
			"to": [12.625, 27.5, 5.3125],
			"faces": {
				"north": {"uv": [8, 4, 8.5, 4.5], "texture": "#2"},
				"east": {"uv": [8, 5.5, 8.5, 6], "texture": "#2"},
				"south": {"uv": [8, 6.5, 8.5, 7], "texture": "#2"},
				"west": {"uv": [7, 8, 7.5, 8.5], "texture": "#2"},
				"up": {"uv": [8.5, 7.5, 8, 7], "texture": "#2"},
				"down": {"uv": [8, 8, 7.5, 8.5], "texture": "#2"}
			}
		},
		{
			"from": [12.25, 26.5, 3.6875],
			"to": [12.625, 26.875, 5],
			"faces": {
				"north": {"uv": [8, 7.5, 8.5, 8], "texture": "#2"},
				"east": {"uv": [8, 8, 8.5, 8.5], "texture": "#2"},
				"south": {"uv": [8.5, 0.5, 9, 1], "texture": "#2"},
				"west": {"uv": [8.5, 1, 9, 1.5], "texture": "#2"},
				"up": {"uv": [9, 2, 8.5, 1.5], "texture": "#2"},
				"down": {"uv": [9, 2, 8.5, 2.5], "texture": "#2"}
			}
		},
		{
			"from": [3, 9, 13],
			"to": [3.375, 21, 13.375],
			"rotation": {"angle": 0, "axis": "y", "origin": [16, 0, 0]},
			"faces": {
				"north": {"uv": [0, 6, 0.5, 12], "texture": "#2"},
				"east": {"uv": [6, 0, 6.5, 6], "texture": "#2"},
				"south": {"uv": [0.5, 6, 1, 12], "texture": "#2"},
				"west": {"uv": [1, 6, 1.5, 12], "texture": "#2"},
				"up": {"uv": [9, 3, 8.5, 2.5], "texture": "#2"},
				"down": {"uv": [9, 3, 8.5, 3.5], "texture": "#2"}
			}
		},
		{
			"from": [3.375, 14.625, 13],
			"to": [3.75, 26.625, 13.375],
			"rotation": {"angle": 0, "axis": "y", "origin": [16, 0, 0]},
			"faces": {
				"north": {"uv": [1.5, 6, 2, 12], "texture": "#2"},
				"east": {"uv": [2, 6, 2.5, 12], "texture": "#2"},
				"south": {"uv": [2.5, 6, 3, 12], "texture": "#2"},
				"west": {"uv": [3, 6, 3.5, 12], "texture": "#2"},
				"up": {"uv": [9, 4, 8.5, 3.5], "texture": "#2"},
				"down": {"uv": [9, 4, 8.5, 4.5], "texture": "#2"}
			}
		},
		{
			"from": [12.625, 9, 13],
			"to": [13, 21, 13.375],
			"faces": {
				"north": {"uv": [0, 0, 0.5, 6], "texture": "#2"},
				"east": {"uv": [0.5, 0, 1, 6], "texture": "#2"},
				"south": {"uv": [1, 0, 1.5, 6], "texture": "#2"},
				"west": {"uv": [1.5, 0, 2, 6], "texture": "#2"},
				"up": {"uv": [7.5, 4.5, 7, 4], "texture": "#2"},
				"down": {"uv": [8, 2, 7.5, 2.5], "texture": "#2"}
			}
		},
		{
			"from": [12.25, 14.625, 13],
			"to": [12.625, 26.625, 13.375],
			"faces": {
				"north": {"uv": [2, 0, 2.5, 6], "texture": "#2"},
				"east": {"uv": [2.5, 0, 3, 6], "texture": "#2"},
				"south": {"uv": [3, 0, 3.5, 6], "texture": "#2"},
				"west": {"uv": [3.5, 0, 4, 6], "texture": "#2"},
				"up": {"uv": [8, 3, 7.5, 2.5], "texture": "#2"},
				"down": {"uv": [8, 4, 7.5, 4.5], "texture": "#2"}
			}
		},
		{
			"from": [12.25, 26.5, 11.8125],
			"to": [12.625, 26.875, 13.375],
			"faces": {
				"north": {"uv": [7, 7.5, 7.5, 8], "texture": "#2"},
				"east": {"uv": [6.5, 5.5, 7.5, 6], "texture": "#2"},
				"south": {"uv": [7.5, 7, 8, 7.5], "texture": "#2"},
				"west": {"uv": [7, 0.5, 8, 1], "texture": "#2"},
				"up": {"uv": [7.5, 2, 7, 1], "texture": "#2"},
				"down": {"uv": [7.5, 2, 7, 3], "texture": "#2"}
			}
		},
		{
			"from": [12.25, 26.875, 11.8125],
			"to": [12.625, 27.5, 12.5],
			"faces": {
				"north": {"uv": [8, 1, 8.5, 1.5], "texture": "#2"},
				"east": {"uv": [8, 1.5, 8.5, 2], "texture": "#2"},
				"south": {"uv": [8, 2, 8.5, 2.5], "texture": "#2"},
				"west": {"uv": [8, 2.5, 8.5, 3], "texture": "#2"},
				"up": {"uv": [8.5, 3.5, 8, 3], "texture": "#2"},
				"down": {"uv": [8.5, 3.5, 8, 4], "texture": "#2"}
			}
		},
		{
			"from": [12.25, 27.5, 4.8125],
			"to": [12.625, 27.875, 12.3125],
			"faces": {
				"north": {"uv": [7.5, 7.5, 8, 8], "texture": "#2"},
				"east": {"uv": [5.5, 6, 9.5, 6.5], "texture": "#2"},
				"south": {"uv": [8, 0.5, 8.5, 1], "texture": "#2"},
				"west": {"uv": [6.5, 0, 10.5, 0.5], "texture": "#2"},
				"up": {"uv": [7, 4.5, 6.5, 0.5], "texture": "#2"},
				"down": {"uv": [6, 6.5, 5.5, 10.5], "texture": "#2"}
			}
		},
		{
			"from": [12.25, 26.5, 3.6875],
			"to": [12.625, 26.875, 5],
			"faces": {
				"north": {"uv": [8, 7.5, 8.5, 8], "texture": "#2"},
				"east": {"uv": [8, 8, 8.5, 8.5], "texture": "#2"},
				"south": {"uv": [8.5, 0.5, 9, 1], "texture": "#2"},
				"west": {"uv": [8.5, 1, 9, 1.5], "texture": "#2"},
				"up": {"uv": [9, 2, 8.5, 1.5], "texture": "#2"},
				"down": {"uv": [9, 2, 8.5, 2.5], "texture": "#2"}
			}
		},
		{
			"from": [12.25, 26.875, 4.625],
			"to": [12.625, 27.5, 5.3125],
			"faces": {
				"north": {"uv": [8, 4, 8.5, 4.5], "texture": "#2"},
				"east": {"uv": [8, 5.5, 8.5, 6], "texture": "#2"},
				"south": {"uv": [8, 6.5, 8.5, 7], "texture": "#2"},
				"west": {"uv": [7, 8, 7.5, 8.5], "texture": "#2"},
				"up": {"uv": [8.5, 7.5, 8, 7], "texture": "#2"},
				"down": {"uv": [8, 8, 7.5, 8.5], "texture": "#2"}
			}
		},
		{
			"from": [12.25, 14.5, 3.625],
			"to": [12.625, 26.5, 4],
			"faces": {
				"north": {"uv": [4, 0, 4.5, 6], "texture": "#2"},
				"east": {"uv": [4.5, 0, 5, 6], "texture": "#2"},
				"south": {"uv": [5, 0, 5.5, 6], "texture": "#2"},
				"west": {"uv": [5.5, 0, 6, 6], "texture": "#2"},
				"up": {"uv": [8, 6, 7.5, 5.5], "texture": "#2"},
				"down": {"uv": [8, 6.5, 7.5, 7], "texture": "#2"}
			}
		},
		{
			"from": [13.9375, 6.3125, 13],
			"to": [14.3125, 18.3125, 13.375],
			"faces": {
				"north": {"uv": [0, 0, 0.5, 6], "texture": "#2"},
				"east": {"uv": [0.5, 0, 1, 6], "texture": "#2"},
				"south": {"uv": [1, 0, 1.5, 6], "texture": "#2"},
				"west": {"uv": [1.5, 0, 2, 6], "texture": "#2"},
				"up": {"uv": [7.5, 4.5, 7, 4], "texture": "#2"},
				"down": {"uv": [8, 2, 7.5, 2.5], "texture": "#2"}
			}
		},
		{
			"from": [13.5625, 14.625, 13],
			"to": [13.9375, 26.625, 13.375],
			"faces": {
				"north": {"uv": [2, 0, 2.5, 6], "texture": "#2"},
				"east": {"uv": [2.5, 0, 3, 6], "texture": "#2"},
				"south": {"uv": [3, 0, 3.5, 6], "texture": "#2"},
				"west": {"uv": [3.5, 0, 4, 6], "texture": "#2"},
				"up": {"uv": [8, 3, 7.5, 2.5], "texture": "#2"},
				"down": {"uv": [8, 4, 7.5, 4.5], "texture": "#2"}
			}
		},
		{
			"from": [13.5625, 26.5, 3.6875],
			"to": [13.9375, 26.875, 5],
			"faces": {
				"north": {"uv": [8, 7.5, 8.5, 8], "texture": "#2"},
				"east": {"uv": [8, 8, 8.5, 8.5], "texture": "#2"},
				"south": {"uv": [8.5, 0.5, 9, 1], "texture": "#2"},
				"west": {"uv": [8.5, 1, 9, 1.5], "texture": "#2"},
				"up": {"uv": [9, 2, 8.5, 1.5], "texture": "#2"},
				"down": {"uv": [9, 2, 8.5, 2.5], "texture": "#2"}
			}
		},
		{
			"from": [13.5625, 12.5, 3.625],
			"to": [13.9375, 26.5, 4],
			"faces": {
				"north": {"uv": [4, 0, 4.5, 6], "texture": "#2"},
				"east": {"uv": [4.5, 0, 5, 6], "texture": "#2"},
				"south": {"uv": [5, 0, 5.5, 6], "texture": "#2"},
				"west": {"uv": [5.5, 0, 6, 6], "texture": "#2"},
				"up": {"uv": [8, 6, 7.5, 5.5], "texture": "#2"},
				"down": {"uv": [8, 6.5, 7.5, 7], "texture": "#2"}
			}
		},
		{
			"from": [13.5625, 26.875, 4.625],
			"to": [13.9375, 27.5, 5],
			"faces": {
				"north": {"uv": [8, 4, 8.5, 4.5], "texture": "#2"},
				"east": {"uv": [8, 5.5, 8.5, 6], "texture": "#2"},
				"south": {"uv": [8, 6.5, 8.5, 7], "texture": "#2"},
				"west": {"uv": [7, 8, 7.5, 8.5], "texture": "#2"},
				"up": {"uv": [8.5, 7.5, 8, 7], "texture": "#2"},
				"down": {"uv": [8, 8, 7.5, 8.5], "texture": "#2"}
			}
		},
		{
			"from": [13.5625, 27.5, 4.8125],
			"to": [13.9375, 27.875, 11.6875],
			"faces": {
				"north": {"uv": [7.5, 7.5, 8, 8], "texture": "#2"},
				"east": {"uv": [5.5, 6, 9.5, 6.5], "texture": "#2"},
				"south": {"uv": [8, 0.5, 8.5, 1], "texture": "#2"},
				"west": {"uv": [6.5, 0, 10.5, 0.5], "texture": "#2"},
				"up": {"uv": [7, 4.5, 6.5, 0.5], "texture": "#2"},
				"down": {"uv": [6, 6.5, 5.5, 10.5], "texture": "#2"}
			}
		},
		{
			"from": [13.5625, 26.875, 11],
			"to": [13.9375, 27.5, 11.6875],
			"faces": {
				"north": {"uv": [8, 1, 8.5, 1.5], "texture": "#2"},
				"east": {"uv": [8, 1.5, 8.5, 2], "texture": "#2"},
				"south": {"uv": [8, 2, 8.5, 2.5], "texture": "#2"},
				"west": {"uv": [8, 2.5, 8.5, 3], "texture": "#2"},
				"up": {"uv": [8.5, 3.5, 8, 3], "texture": "#2"},
				"down": {"uv": [8.5, 3.5, 8, 4], "texture": "#2"}
			}
		},
		{
			"from": [13.5625, 26.5, 11],
			"to": [13.9375, 26.875, 13.375],
			"faces": {
				"north": {"uv": [7, 7.5, 7.5, 8], "texture": "#2"},
				"east": {"uv": [6.5, 5.5, 7.5, 6], "texture": "#2"},
				"south": {"uv": [7.5, 7, 8, 7.5], "texture": "#2"},
				"west": {"uv": [7, 0.5, 8, 1], "texture": "#2"},
				"up": {"uv": [7.5, 2, 7, 1], "texture": "#2"},
				"down": {"uv": [7.5, 2, 7, 3], "texture": "#2"}
			}
		},
		{
			"from": [2.0625, 26.5, 3.6875],
			"to": [2.4375, 26.875, 5],
			"faces": {
				"north": {"uv": [8, 7.5, 8.5, 8], "texture": "#2"},
				"east": {"uv": [8, 8, 8.5, 8.5], "texture": "#2"},
				"south": {"uv": [8.5, 0.5, 9, 1], "texture": "#2"},
				"west": {"uv": [8.5, 1, 9, 1.5], "texture": "#2"},
				"up": {"uv": [9, 2, 8.5, 1.5], "texture": "#2"},
				"down": {"uv": [9, 2, 8.5, 2.5], "texture": "#2"}
			}
		},
		{
			"from": [2.0625, 12.5, 3.625],
			"to": [2.4375, 26.5, 4],
			"faces": {
				"north": {"uv": [4, 0, 4.5, 6], "texture": "#2"},
				"east": {"uv": [4.5, 0, 5, 6], "texture": "#2"},
				"south": {"uv": [5, 0, 5.5, 6], "texture": "#2"},
				"west": {"uv": [5.5, 0, 6, 6], "texture": "#2"},
				"up": {"uv": [8, 6, 7.5, 5.5], "texture": "#2"},
				"down": {"uv": [8, 6.5, 7.5, 7], "texture": "#2"}
			}
		},
		{
			"from": [2.0625, 26.875, 4.625],
			"to": [2.4375, 27.5, 5],
			"faces": {
				"north": {"uv": [8, 4, 8.5, 4.5], "texture": "#2"},
				"east": {"uv": [8, 5.5, 8.5, 6], "texture": "#2"},
				"south": {"uv": [8, 6.5, 8.5, 7], "texture": "#2"},
				"west": {"uv": [7, 8, 7.5, 8.5], "texture": "#2"},
				"up": {"uv": [8.5, 7.5, 8, 7], "texture": "#2"},
				"down": {"uv": [8, 8, 7.5, 8.5], "texture": "#2"}
			}
		},
		{
			"from": [2.0625, 27.5, 4.8125],
			"to": [2.4375, 27.875, 11.6875],
			"faces": {
				"north": {"uv": [7.5, 7.5, 8, 8], "texture": "#2"},
				"east": {"uv": [5.5, 6, 9.5, 6.5], "texture": "#2"},
				"south": {"uv": [8, 0.5, 8.5, 1], "texture": "#2"},
				"west": {"uv": [6.5, 0, 10.5, 0.5], "texture": "#2"},
				"up": {"uv": [7, 4.5, 6.5, 0.5], "texture": "#2"},
				"down": {"uv": [6, 6.5, 5.5, 10.5], "texture": "#2"}
			}
		},
		{
			"from": [2.0625, 26.875, 11],
			"to": [2.4375, 27.5, 11.6875],
			"faces": {
				"north": {"uv": [8, 1, 8.5, 1.5], "texture": "#2"},
				"east": {"uv": [8, 1.5, 8.5, 2], "texture": "#2"},
				"south": {"uv": [8, 2, 8.5, 2.5], "texture": "#2"},
				"west": {"uv": [8, 2.5, 8.5, 3], "texture": "#2"},
				"up": {"uv": [8.5, 3.5, 8, 3], "texture": "#2"},
				"down": {"uv": [8.5, 3.5, 8, 4], "texture": "#2"}
			}
		},
		{
			"from": [2.0625, 26.5, 11],
			"to": [2.4375, 26.875, 13.375],
			"faces": {
				"north": {"uv": [7, 7.5, 7.5, 8], "texture": "#2"},
				"east": {"uv": [6.5, 5.5, 7.5, 6], "texture": "#2"},
				"south": {"uv": [7.5, 7, 8, 7.5], "texture": "#2"},
				"west": {"uv": [7, 0.5, 8, 1], "texture": "#2"},
				"up": {"uv": [7.5, 2, 7, 1], "texture": "#2"},
				"down": {"uv": [7.5, 2, 7, 3], "texture": "#2"}
			}
		},
		{
			"from": [2.0625, 14.625, 13],
			"to": [2.4375, 26.625, 13.375],
			"faces": {
				"north": {"uv": [2, 0, 2.5, 6], "texture": "#2"},
				"east": {"uv": [2.5, 0, 3, 6], "texture": "#2"},
				"south": {"uv": [3, 0, 3.5, 6], "texture": "#2"},
				"west": {"uv": [3.5, 0, 4, 6], "texture": "#2"},
				"up": {"uv": [8, 3, 7.5, 2.5], "texture": "#2"},
				"down": {"uv": [8, 4, 7.5, 4.5], "texture": "#2"}
			}
		},
		{
			"from": [1.6875, 6.3125, 13],
			"to": [2.0625, 18.3125, 13.375],
			"faces": {
				"north": {"uv": [0, 0, 0.5, 6], "texture": "#2"},
				"east": {"uv": [0.5, 0, 1, 6], "texture": "#2"},
				"south": {"uv": [1, 0, 1.5, 6], "texture": "#2"},
				"west": {"uv": [1.5, 0, 2, 6], "texture": "#2"},
				"up": {"uv": [7.5, 4.5, 7, 4], "texture": "#2"},
				"down": {"uv": [8, 2, 7.5, 2.5], "texture": "#2"}
			}
		},
		{
			"from": [3.375, 14.625, 13],
			"to": [3.75, 26.625, 13.375],
			"rotation": {"angle": 0, "axis": "y", "origin": [16, 0, 0]},
			"faces": {
				"north": {"uv": [1.5, 6, 2, 12], "texture": "#2"},
				"east": {"uv": [2, 6, 2.5, 12], "texture": "#2"},
				"south": {"uv": [2.5, 6, 3, 12], "texture": "#2"},
				"west": {"uv": [3, 6, 3.5, 12], "texture": "#2"},
				"up": {"uv": [9, 4, 8.5, 3.5], "texture": "#2"},
				"down": {"uv": [9, 4, 8.5, 4.5], "texture": "#2"}
			}
		},
		{
			"from": [3, 9, 13],
			"to": [3.375, 21, 13.375],
			"rotation": {"angle": 0, "axis": "y", "origin": [16, 0, 0]},
			"faces": {
				"north": {"uv": [0, 6, 0.5, 12], "texture": "#2"},
				"east": {"uv": [6, 0, 6.5, 6], "texture": "#2"},
				"south": {"uv": [0.5, 6, 1, 12], "texture": "#2"},
				"west": {"uv": [1, 6, 1.5, 12], "texture": "#2"},
				"up": {"uv": [9, 3, 8.5, 2.5], "texture": "#2"},
				"down": {"uv": [9, 3, 8.5, 3.5], "texture": "#2"}
			}
		},
		{
			"from": [3.375, 14.5, 3.625],
			"to": [3.75, 26.5, 4],
			"rotation": {"angle": 0, "axis": "y", "origin": [16, 0, 0]},
			"faces": {
				"north": {"uv": [3.5, 6, 4, 12], "texture": "#2"},
				"east": {"uv": [4, 6, 4.5, 12], "texture": "#2"},
				"south": {"uv": [4.5, 6, 5, 12], "texture": "#2"},
				"west": {"uv": [5, 6, 5.5, 12], "texture": "#2"},
				"up": {"uv": [9, 6, 8.5, 5.5], "texture": "#2"},
				"down": {"uv": [9, 6.5, 8.5, 7], "texture": "#2"}
			}
		},
		{
			"from": [3.375, 26.5, 11.8125],
			"to": [3.75, 26.875, 13.375],
			"rotation": {"angle": 0, "axis": "y", "origin": [16, 0, 0]},
			"faces": {
				"north": {"uv": [7, 8.5, 7.5, 9], "texture": "#2"},
				"east": {"uv": [7, 3, 8, 3.5], "texture": "#2"},
				"south": {"uv": [8.5, 7, 9, 7.5], "texture": "#2"},
				"west": {"uv": [7, 3.5, 8, 4], "texture": "#2"},
				"up": {"uv": [7.5, 7.5, 7, 6.5], "texture": "#2"},
				"down": {"uv": [8, 1, 7.5, 2], "texture": "#2"}
			}
		},
		{
			"from": [3.375, 27.5, 4.8125],
			"to": [3.75, 27.875, 12.3125],
			"rotation": {"angle": 0, "axis": "y", "origin": [16, 0, 0]},
			"faces": {
				"north": {"uv": [7.5, 8.5, 8, 9], "texture": "#2"},
				"east": {"uv": [6.5, 4.5, 10.5, 5], "texture": "#2"},
				"south": {"uv": [8.5, 7.5, 9, 8], "texture": "#2"},
				"west": {"uv": [6.5, 5, 10.5, 5.5], "texture": "#2"},
				"up": {"uv": [6.5, 10.5, 6, 6.5], "texture": "#2"},
				"down": {"uv": [7, 6.5, 6.5, 10.5], "texture": "#2"}
			}
		},
		{
			"from": [3.375, 26.875, 11.8125],
			"to": [3.75, 27.5, 12.5],
			"rotation": {"angle": 0, "axis": "y", "origin": [16, 0, 0]},
			"faces": {
				"north": {"uv": [8, 8.5, 8.5, 9], "texture": "#2"},
				"east": {"uv": [8.5, 8, 9, 8.5], "texture": "#2"},
				"south": {"uv": [8.5, 8.5, 9, 9], "texture": "#2"},
				"west": {"uv": [9, 0.5, 9.5, 1], "texture": "#2"},
				"up": {"uv": [9.5, 1.5, 9, 1], "texture": "#2"},
				"down": {"uv": [9.5, 1.5, 9, 2], "texture": "#2"}
			}
		},
		{
			"from": [3.375, 26.875, 4.625],
			"to": [3.75, 27.5, 5.3125],
			"rotation": {"angle": 0, "axis": "y", "origin": [16, 0, 0]},
			"faces": {
				"north": {"uv": [9, 2, 9.5, 2.5], "texture": "#2"},
				"east": {"uv": [9, 2.5, 9.5, 3], "texture": "#2"},
				"south": {"uv": [9, 3, 9.5, 3.5], "texture": "#2"},
				"west": {"uv": [9, 3.5, 9.5, 4], "texture": "#2"},
				"up": {"uv": [9.5, 4.5, 9, 4], "texture": "#2"},
				"down": {"uv": [9.5, 5.5, 9, 6], "texture": "#2"}
			}
		},
		{
			"from": [3.375, 26.5, 3.6875],
			"to": [3.75, 26.875, 5],
			"rotation": {"angle": 0, "axis": "y", "origin": [16, 0, 0]},
			"faces": {
				"north": {"uv": [9, 6.5, 9.5, 7], "texture": "#2"},
				"east": {"uv": [7, 9, 7.5, 9.5], "texture": "#2"},
				"south": {"uv": [9, 7, 9.5, 7.5], "texture": "#2"},
				"west": {"uv": [7.5, 9, 8, 9.5], "texture": "#2"},
				"up": {"uv": [9.5, 8, 9, 7.5], "texture": "#2"},
				"down": {"uv": [8.5, 9, 8, 9.5], "texture": "#2"}
			}
		}
	],
	"display": {
		"thirdperson_righthand": {
			"translation": [0, 0.25, 1],
			"scale": [0.19, 0.19, 0.14]
		},
		"thirdperson_lefthand": {
			"translation": [0.25, -1, -0.75],
			"scale": [0.19, 0.19, 0.16]
		},
		"firstperson_righthand": {
			"rotation": [-2, 10, -1],
			"translation": [3.5, -1.5, 0],
			"scale": [0.39, 0.23, 0.08]
		},
		"firstperson_lefthand": {
			"rotation": [-2, -4, 2],
			"translation": [2.75, 0.5, 1],
			"scale": [0.26, 0.18, 0.06]
		},
		"ground": {
			"translation": [0, 2, 0],
			"scale": [0.5, 0.5, 0.5]
		},
		"gui": {
			"translation": [0, -1.75, 0],
			"scale": [0.61, 0.46, 0.4]
		},
		"head": {
			"translation": [0, -25, 0],
			"scale": [1.29, 1.05, 1.07]
		},
		"fixed": {
			"translation": [0, -1.5, -2.5],
			"scale": [0.64, 0.51, 0.39]
		}
	},
	"groups": [
		{
			"name": "base",
			"origin": [8, 8, 8],
			"color": 0,
			"children": [0, 1, 2, 3, 4, 5, 6, 7, 8, 9, 10, 11, 12, 13, 14, 15, 16, 17, 18, 19, 20, 21, 22, 23, 24, 25]
		},
		{
			"name": "decal",
			"origin": [8, 8, 8],
			"color": 0,
			"children": [26, 27, 28, 29, 30, 31, 32, 33, 34, 35, 36, 37, 38, 39, 40, 41, 42, 43, 44]
		},
		{
			"name": "ribbons",
			"origin": [8, 8, 8],
			"color": 0,
			"children": [45, 46, 47, 48, 49, 50, 51, 52, 53, 54, 55, 56, 57, 58, 59, 60, 61, 62, 63, 64, 65, 66, 67, 68, 69, 70, 71, 72, 73, 74, 75, 76, 77, 78, 79, 80, 81, 82, 83, 84, 85, 86]
		}
	]
}