{
	"credit": "Made with Blockbench",
	"textures": {
		"0": "item/guildtoken/coin",
		"1": "item/guildtoken/center",
		"2": "item/guildtoken/texture",
		"3": "item/guildtoken/gem",
		"particle": "item/guildtoken/coin"
	},
	"elements": [
		{
			"name": "hexadecagon",
			"from": [7.0625, 1.90054, 6.75],
			"to": [7.3125, 4.09946, 9.25],
			"rotation": {"angle": -45, "axis": "x", "origin": [8.0625, 3, 8]},
			"faces": {
				"north": {"uv": [11, 3, 12, 5], "texture": "#0"},
				"east": {"uv": [0, 0, 3, 2], "texture": "#0"},
				"south": {"uv": [4, 11, 5, 13], "texture": "#0"},
				"west": {"uv": [0, 2, 3, 4], "texture": "#0"},
				"up": {"uv": [9, 10, 8, 7], "texture": "#0"},
				"down": {"uv": [10, 0, 9, 3], "texture": "#0"}
			}
		},
		{
			"name": "hexadecagon",
			"from": [7.0625, 1.90054, 6.75],
			"to": [7.3125, 4.09946, 9.25],
			"rotation": {"angle": -22.5, "axis": "x", "origin": [8.0625, 3, 8]},
			"faces": {
				"north": {"uv": [5, 11, 6, 13], "texture": "#0"},
				"east": {"uv": [3, 0, 6, 2], "texture": "#0"},
				"south": {"uv": [11, 5, 12, 7], "texture": "#0"},
				"west": {"uv": [3, 2, 6, 4], "texture": "#0"},
				"up": {"uv": [10, 10, 9, 7], "texture": "#0"},
				"down": {"uv": [11, 0, 10, 3], "texture": "#0"}
			}
		},
		{
			"name": "hexadecagon",
			"from": [7.0625, 1.90054, 6.75],
			"to": [7.3125, 4.09946, 9.25],
			"rotation": {"angle": 0, "axis": "x", "origin": [8.0625, 3, 8]},
			"faces": {
				"north": {"uv": [11, 7, 12, 9], "texture": "#0"},
				"east": {"uv": [0, 4, 3, 6], "texture": "#0"},
				"south": {"uv": [11, 9, 12, 11], "texture": "#0"},
				"west": {"uv": [3, 4, 6, 6], "texture": "#0"},
				"up": {"uv": [11, 6, 10, 3], "texture": "#0"},
				"down": {"uv": [7, 10, 6, 13], "texture": "#0"}
			}
		},
		{
			"name": "hexadecagon",
			"from": [7.0625, 1.90054, 6.75],
			"to": [7.3125, 4.09946, 9.25],
			"rotation": {"angle": 22.5, "axis": "x", "origin": [8.0625, 3, 8]},
			"faces": {
				"north": {"uv": [11, 11, 12, 13], "texture": "#0"},
				"east": {"uv": [0, 6, 3, 8], "texture": "#0"},
				"south": {"uv": [12, 0, 13, 2], "texture": "#0"},
				"west": {"uv": [6, 0, 9, 2], "texture": "#0"},
				"up": {"uv": [11, 9, 10, 6], "texture": "#0"},
				"down": {"uv": [8, 10, 7, 13], "texture": "#0"}
			}
		},
		{
			"name": "hexadecagon",
			"from": [7.0625, 1.90054, 6.75],
			"to": [7.3125, 4.09946, 9.25],
			"rotation": {"angle": 45, "axis": "x", "origin": [8.0625, 3, 8]},
			"faces": {
				"north": {"uv": [12, 2, 13, 4], "texture": "#0"},
				"east": {"uv": [6, 2, 9, 4], "texture": "#0"},
				"south": {"uv": [12, 4, 13, 6], "texture": "#0"},
				"west": {"uv": [3, 6, 6, 8], "texture": "#0"},
				"up": {"uv": [9, 13, 8, 10], "texture": "#0"},
				"down": {"uv": [10, 10, 9, 13], "texture": "#0"}
			}
		},
		{
			"name": "hexadecagon",
			"from": [7.0625, 1.5, 7.15054],
			"to": [7.3125, 4.5, 8.84946],
			"rotation": {"angle": -22.5, "axis": "x", "origin": [8.0625, 3, 8]},
			"faces": {
				"north": {"uv": [10, 9, 11, 12], "texture": "#0"},
				"east": {"uv": [6, 4, 8, 7], "texture": "#0"},
				"south": {"uv": [0, 11, 1, 14], "texture": "#0"},
				"west": {"uv": [6, 7, 8, 10], "texture": "#0"},
				"up": {"uv": [13, 8, 12, 6], "texture": "#0"},
				"down": {"uv": [13, 8, 12, 10], "texture": "#0"}
			}
		},
		{
			"name": "hexadecagon",
			"from": [7.0625, 1.5, 7.15054],
			"to": [7.3125, 4.5, 8.84946],
			"rotation": {"angle": 0, "axis": "x", "origin": [8.0625, 3, 8]},
			"faces": {
				"north": {"uv": [11, 0, 12, 3], "texture": "#0"},
				"east": {"uv": [0, 8, 2, 11], "texture": "#0"},
				"south": {"uv": [1, 11, 2, 14], "texture": "#0"},
				"west": {"uv": [2, 8, 4, 11], "texture": "#0"},
				"up": {"uv": [11, 14, 10, 12], "texture": "#0"},
				"down": {"uv": [13, 10, 12, 12], "texture": "#0"}
			}
		},
		{
			"name": "hexadecagon",
			"from": [7.0625, 1.5, 7.15054],
			"to": [7.3125, 4.5, 8.84946],
			"rotation": {"angle": 22.5, "axis": "x", "origin": [8.0625, 3, 8]},
			"faces": {
				"north": {"uv": [2, 11, 3, 14], "texture": "#0"},
				"east": {"uv": [4, 8, 6, 11], "texture": "#0"},
				"south": {"uv": [3, 11, 4, 14], "texture": "#0"},
				"west": {"uv": [8, 4, 10, 7], "texture": "#0"},
				"up": {"uv": [13, 14, 12, 12], "texture": "#0"},
				"down": {"uv": [14, 0, 13, 2], "texture": "#0"}
			}
		},
		{
			"from": [7.025, 2.2125, 8.9],
			"to": [7.35, 3.65, 9.0375],
			"rotation": {"angle": 0, "axis": "x", "origin": [7.1875, 1.9625, 7.5]},
			"faces": {
				"north": {"uv": [0, 0, 1, 1], "texture": "#2"},
				"east": {"uv": [0, 1, 1, 2], "texture": "#2"},
				"south": {"uv": [1, 0, 2, 1], "texture": "#2"},
				"west": {"uv": [1, 1, 2, 2], "texture": "#2"},
				"up": {"uv": [1, 3, 0, 2], "texture": "#2"},
				"down": {"uv": [3, 0, 2, 1], "texture": "#2"}
			}
		},
		{
			"from": [7.025, 3.55625, 8.71875],
			"to": [7.35, 3.69375, 9.09375],
			"rotation": {"angle": 22.5, "axis": "x", "origin": [7.1875, 3.80625, 8.9375]},
			"faces": {
				"north": {"uv": [1, 2, 2, 3], "texture": "#2"},
				"east": {"uv": [2, 1, 3, 2], "texture": "#2"},
				"south": {"uv": [2, 2, 3, 3], "texture": "#2"},
				"west": {"uv": [0, 3, 1, 4], "texture": "#2"},
				"up": {"uv": [4, 1, 3, 0], "texture": "#2"},
				"down": {"uv": [2, 3, 1, 4], "texture": "#2"}
			}
		},
		{
			"from": [7.025, 3.65153, 7.81304],
			"to": [7.35, 3.78903, 8.68804],
			"rotation": {"angle": 0, "axis": "z", "origin": [7.1875, 3.77653, 8.51929]},
			"faces": {
				"north": {"uv": [3, 1, 4, 2], "texture": "#2"},
				"east": {"uv": [2, 3, 3, 4], "texture": "#2"},
				"south": {"uv": [3, 2, 4, 3], "texture": "#2"},
				"west": {"uv": [3, 3, 4, 4], "texture": "#2"},
				"up": {"uv": [1, 5, 0, 4], "texture": "#2"},
				"down": {"uv": [5, 0, 4, 1], "texture": "#2"}
			}
		},
		{
			"from": [7.025, 3.58903, 7.40054],
			"to": [7.35, 3.72653, 7.83804],
			"rotation": {"angle": -45, "axis": "x", "origin": [7.1875, 3.71403, 7.73804]},
			"faces": {
				"north": {"uv": [1, 4, 2, 5], "texture": "#2"},
				"east": {"uv": [4, 1, 5, 2], "texture": "#2"},
				"south": {"uv": [2, 4, 3, 5], "texture": "#2"},
				"west": {"uv": [4, 2, 5, 3], "texture": "#2"},
				"up": {"uv": [4, 5, 3, 4], "texture": "#2"},
				"down": {"uv": [5, 3, 4, 4], "texture": "#2"}
			}
		},
		{
			"from": [7.025, 2.6875, 7.5],
			"to": [7.35, 3.5, 7.6375],
			"rotation": {"angle": 0, "axis": "x", "origin": [7.1875, 1.9625, 7.5]},
			"faces": {
				"north": {"uv": [4, 4, 5, 5], "texture": "#2"},
				"east": {"uv": [0, 5, 1, 6], "texture": "#2"},
				"south": {"uv": [5, 0, 6, 1], "texture": "#2"},
				"west": {"uv": [1, 5, 2, 6], "texture": "#2"},
				"up": {"uv": [6, 2, 5, 1], "texture": "#2"},
				"down": {"uv": [3, 5, 2, 6], "texture": "#2"}
			}
		},
		{
			"from": [7.025, 2.33203, 6.92846],
			"to": [7.35, 3.76953, 7.06596],
			"rotation": {"angle": 0, "axis": "x", "origin": [7.1875, 2.58476, 7.70173]},
			"faces": {
				"north": {"uv": [5, 2, 6, 3], "texture": "#2"},
				"east": {"uv": [3, 5, 4, 6], "texture": "#2"},
				"south": {"uv": [5, 3, 6, 4], "texture": "#2"},
				"west": {"uv": [4, 5, 5, 6], "texture": "#2"},
				"up": {"uv": [6, 5, 5, 4], "texture": "#2"},
				"down": {"uv": [6, 5, 5, 6], "texture": "#2"}
			}
		},
		{
			"from": [7.025, 2.06176, 7.07997],
			"to": [7.35, 2.19926, 7.45497],
			"rotation": {"angle": 22.5, "axis": "x", "origin": [7.1875, 2.58476, 7.70173]},
			"faces": {
				"north": {"uv": [0, 6, 1, 7], "texture": "#2"},
				"east": {"uv": [6, 0, 7, 1], "texture": "#2"},
				"south": {"uv": [1, 6, 2, 7], "texture": "#2"},
				"west": {"uv": [6, 1, 7, 2], "texture": "#2"},
				"up": {"uv": [3, 7, 2, 6], "texture": "#2"},
				"down": {"uv": [7, 2, 6, 3], "texture": "#2"}
			}
		},
		{
			"from": [7.025, 2.193, 7.27792],
			"to": [7.35, 2.3305, 8.15292],
			"rotation": {"angle": 0, "axis": "x", "origin": [7.1875, 2.58476, 7.70173]},
			"faces": {
				"north": {"uv": [3, 6, 4, 7], "texture": "#2"},
				"east": {"uv": [6, 3, 7, 4], "texture": "#2"},
				"south": {"uv": [4, 6, 5, 7], "texture": "#2"},
				"west": {"uv": [6, 4, 7, 5], "texture": "#2"},
				"up": {"uv": [6, 7, 5, 6], "texture": "#2"},
				"down": {"uv": [7, 5, 6, 6], "texture": "#2"}
			}
		},
		{
			"from": [7.025, 1.97621, 7.74982],
			"to": [7.35, 2.11371, 8.18732],
			"rotation": {"angle": -45, "axis": "x", "origin": [7.1875, 2.58476, 7.70173]},
			"faces": {
				"north": {"uv": [6, 6, 7, 7], "texture": "#2"},
				"east": {"uv": [0, 7, 1, 8], "texture": "#2"},
				"south": {"uv": [7, 0, 8, 1], "texture": "#2"},
				"west": {"uv": [1, 7, 2, 8], "texture": "#2"},
				"up": {"uv": [8, 2, 7, 1], "texture": "#2"},
				"down": {"uv": [3, 7, 2, 8], "texture": "#2"}
			}
		},
		{
			"from": [7.025, 2.48203, 8.32846],
			"to": [7.35, 3.29453, 8.46596],
			"rotation": {"angle": 0, "axis": "x", "origin": [7.1875, 2.58476, 7.70173]},
			"faces": {
				"north": {"uv": [7, 2, 8, 3], "texture": "#2"},
				"east": {"uv": [3, 7, 4, 8], "texture": "#2"},
				"south": {"uv": [7, 3, 8, 4], "texture": "#2"},
				"west": {"uv": [4, 7, 5, 8], "texture": "#2"},
				"up": {"uv": [8, 5, 7, 4], "texture": "#2"},
				"down": {"uv": [6, 7, 5, 8], "texture": "#2"}
			}
		},
		{
			"from": [6.9375, 2.5625, 7.5625],
			"to": [7.4375, 3.4375, 8.4375],
			"rotation": {"angle": 0, "axis": "y", "origin": [7.1875, 3, 8]},
			"faces": {
				"north": {"uv": [0, 0, 1, 1], "texture": "#1"},
				"east": {"uv": [0, 1, 1, 2], "texture": "#1"},
				"south": {"uv": [1, 0, 2, 1], "texture": "#1"},
				"west": {"uv": [1, 1, 2, 2], "texture": "#1"},
				"up": {"uv": [1, 3, 0, 2], "texture": "#1"},
				"down": {"uv": [3, 0, 2, 1], "texture": "#1"}
			}
		},
		{
			"from": [6.9375, 2.5625, 7.5625],
			"to": [7.4375, 3.4375, 8.4375],
			"rotation": {"angle": 22.5, "axis": "x", "origin": [7.1875, 3, 8]},
			"faces": {
				"north": {"uv": [1, 2, 2, 3], "texture": "#1"},
				"east": {"uv": [2, 1, 3, 2], "texture": "#1"},
				"south": {"uv": [2, 2, 3, 3], "texture": "#1"},
				"west": {"uv": [0, 3, 1, 4], "texture": "#1"},
				"up": {"uv": [4, 1, 3, 0], "texture": "#1"},
				"down": {"uv": [2, 3, 1, 4], "texture": "#1"}
			}
		},
		{
			"from": [6.9375, 2.5625, 7.5625],
			"to": [7.4375, 3.4375, 8.4375],
			"rotation": {"angle": 45, "axis": "x", "origin": [7.1875, 3, 8]},
			"faces": {
				"north": {"uv": [3, 1, 4, 2], "texture": "#1"},
				"east": {"uv": [2, 3, 3, 4], "texture": "#1"},
				"south": {"uv": [3, 2, 4, 3], "texture": "#1"},
				"west": {"uv": [3, 3, 4, 4], "texture": "#1"},
				"up": {"uv": [1, 5, 0, 4], "texture": "#1"},
				"down": {"uv": [5, 0, 4, 1], "texture": "#1"}
			}
		},
		{
			"from": [6.9375, 2.5625, 7.5625],
			"to": [7.4375, 3.4375, 8.4375],
			"rotation": {"angle": -22.5, "axis": "x", "origin": [7.1875, 3, 8]},
			"faces": {
				"north": {"uv": [1, 4, 2, 5], "texture": "#1"},
				"east": {"uv": [4, 1, 5, 2], "texture": "#1"},
				"south": {"uv": [2, 4, 3, 5], "texture": "#1"},
				"west": {"uv": [4, 2, 5, 3], "texture": "#1"},
				"up": {"uv": [4, 5, 3, 4], "texture": "#1"},
				"down": {"uv": [5, 3, 4, 4], "texture": "#1"}
			}
		},
		{
			"from": [6.8875, 2.6875, 7.6875],
			"to": [7.525, 3.3125, 8.3125],
			"rotation": {"angle": 0, "axis": "y", "origin": [0.1125, 0, 0]},
			"faces": {
				"north": {"uv": [0, 0, 1, 1], "texture": "#3"},
				"east": {"uv": [0, 1, 1, 2], "texture": "#3"},
				"south": {"uv": [1, 0, 2, 1], "texture": "#3"},
				"west": {"uv": [1, 1, 2, 2], "texture": "#3"},
				"up": {"uv": [1, 3, 0, 2], "texture": "#3"},
				"down": {"uv": [3, 0, 2, 1], "texture": "#3"}
			}
		},
		{
			"from": [6.8875, 2.6875, 7.6875],
			"to": [7.525, 3.3125, 8.3125],
			"rotation": {"angle": -22.5, "axis": "z", "origin": [7.20625, 3, 8]},
			"faces": {
				"north": {"uv": [1, 2, 2, 3], "texture": "#3"},
				"east": {"uv": [2, 1, 3, 2], "texture": "#3"},
				"south": {"uv": [2, 2, 3, 3], "texture": "#3"},
				"west": {"uv": [0, 3, 1, 4], "texture": "#3"},
				"up": {"uv": [4, 1, 3, 0], "texture": "#3"},
				"down": {"uv": [2, 3, 1, 4], "texture": "#3"}
			}
		},
		{
			"from": [6.8875, 2.6875, 7.6875],
			"to": [7.525, 3.3125, 8.3125],
			"rotation": {"angle": -45, "axis": "z", "origin": [7.20625, 3, 8]},
			"faces": {
				"north": {"uv": [3, 1, 4, 2], "texture": "#3"},
				"east": {"uv": [2, 3, 3, 4], "texture": "#3"},
				"south": {"uv": [3, 2, 4, 3], "texture": "#3"},
				"west": {"uv": [3, 3, 4, 4], "texture": "#3"},
				"up": {"uv": [1, 5, 0, 4], "texture": "#3"},
				"down": {"uv": [5, 0, 4, 1], "texture": "#3"}
			}
		},
		{
			"from": [6.91875, 2.65625, 7.6875],
			"to": [7.49375, 3.34375, 8.3125],
			"rotation": {"angle": 22.5, "axis": "z", "origin": [7.20625, 3, 8]},
			"faces": {
				"north": {"uv": [1, 4, 2, 5], "texture": "#3"},
				"east": {"uv": [4, 1, 5, 2], "texture": "#3"},
				"south": {"uv": [2, 4, 3, 5], "texture": "#3"},
				"west": {"uv": [4, 2, 5, 3], "texture": "#3"},
				"up": {"uv": [4, 5, 3, 4], "texture": "#3"},
				"down": {"uv": [5, 3, 4, 4], "texture": "#3"}
			}
		}
	],
	"gui_light": "front",
	"display": {
		"thirdperson_righthand": {
			"rotation": [1, 91, 0],
			"translation": [0, 5.5, -1]
		},
		"thirdperson_lefthand": {
			"rotation": [0, 90, 0],
			"translation": [0.75, 6, 0.75]
		},
		"firstperson_righthand": {
			"rotation": [-44, 25, -1],
			"translation": [-1.5, 5.5, 0.25],
			"scale": [1.05, 0.79, 1]
		},
		"firstperson_lefthand": {
			"rotation": [-12, -144, 31],
			"translation": [1.5, 4.75, -0.5],
			"scale": [0.54, 0.86, 0.87]
		},
		"ground": {
			"translation": [0.5, 1.25, 0]
		},
		"gui": {
			"rotation": [15, 90, 0],
			"translation": [0, 19, 0],
			"scale": [1, 4, 4]
		},
		"head": {
			"rotation": [0, 91, 0],
			"translation": [-0.25, 23, 5.25],
			"scale": [1.02, 2.99, 3.02]
		},
		"fixed": {
			"rotation": [0, -85, 0],
			"translation": [0, 20, 0.25],
			"scale": [1.6, 4, 4]
		}
	},
	"groups": [
		{
			"name": "coin",
			"origin": [8, 8, 8],
			"color": 0,
			"children": [0, 1, 2, 3, 4, 5, 6, 7]
		},
		{
			"name": "sigil",
			"origin": [8, 8, 8],
			"color": 0,
			"children": [8, 9, 10, 11, 12, 13, 14, 15, 16, 17]
		},
		{
			"name": "center",
			"origin": [8, 8, 8],
			"color": 0,
			"children": [18, 19, 20, 21]
		},
		{
			"name": "gem",
			"origin": [7.20625, 3, 8],
			"color": 0,
			"children": [22, 23, 24, 25]
		}
	]
}