{
	"credit": "Made with Blockbench",
	"texture_size": [64, 64],
	"textures": {
		"0": "item/cities/eldershire/helm",
		"particle": "item/cities/eldershire/helm"
	},
	"elements": [
		{
			"from": [0.8125, 6.9375, -1.5625],
			"to": [16.125, 11.5625, 15.75],
			"faces": {
				"north": {"uv": [3.25, 8, 7.125, 9.125], "texture": "#0"},
				"east": {"uv": [8, 1.75, 12.375, 2.875], "texture": "#0"},
				"south": {"uv": [7.25, 8, 11.125, 9.125], "texture": "#0"},
				"west": {"uv": [8, 3, 12.375, 4.125], "texture": "#0"},
				"up": {"uv": [3.875, 4.375, 0, 0], "texture": "#0"},
				"down": {"uv": [7.875, 0, 4, 4.375], "texture": "#0"}
			}
		},
		{
			"from": [-1, 6.9375, -0.5625],
			"to": [0.9375, 10.6875, 14.75],
			"faces": {
				"north": {"uv": [9.5, 12, 10, 13], "texture": "#0"},
				"east": {"uv": [8.75, 6.75, 12.625, 7.75], "texture": "#0"},
				"south": {"uv": [10, 12, 10.5, 13], "texture": "#0"},
				"west": {"uv": [0, 9.25, 3.875, 10.25], "texture": "#0"},
				"up": {"uv": [3.75, 15.125, 3.25, 11.25], "texture": "#0"},
				"down": {"uv": [4.25, 11.25, 3.75, 15.125], "texture": "#0"}
			}
		},
		{
			"from": [16.125, 6.9375, -0.5625],
			"to": [18.0625, 10.6875, 14.75],
			"faces": {
				"north": {"uv": [12.25, 12, 12.75, 13], "texture": "#0"},
				"east": {"uv": [4, 9.25, 7.875, 10.25], "texture": "#0"},
				"south": {"uv": [0, 12.5, 0.5, 13.5], "texture": "#0"},
				"west": {"uv": [8, 9.25, 11.875, 10.25], "texture": "#0"},
				"up": {"uv": [4.75, 15.125, 4.25, 11.25], "texture": "#0"},
				"down": {"uv": [5.25, 11.25, 4.75, 15.125], "texture": "#0"}
			}
		},
		{
			"from": [0.875, 6.5625, 15],
			"to": [16.1875, 10.3125, 16.9375],
			"faces": {
				"north": {"uv": [0, 10.25, 3.875, 11.25], "texture": "#0"},
				"east": {"uv": [0.5, 12.5, 1, 13.5], "texture": "#0"},
				"south": {"uv": [4, 10.25, 7.875, 11.25], "texture": "#0"},
				"west": {"uv": [1, 12.5, 1.5, 13.5], "texture": "#0"},
				"up": {"uv": [15.125, 0.5, 11.25, 0], "texture": "#0"},
				"down": {"uv": [15.125, 0.5, 11.25, 1], "texture": "#0"}
			}
		},
		{
			"from": [16.125, 6.5625, 14.75],
			"to": [17.625, 10, 16.6875],
			"faces": {
				"north": {"uv": [12.75, 3.25, 13.125, 4.125], "texture": "#0"},
				"east": {"uv": [2, 12.5, 2.5, 13.375], "texture": "#0"},
				"south": {"uv": [12.75, 6.75, 13.125, 7.625], "texture": "#0"},
				"west": {"uv": [2.5, 12.5, 3, 13.375], "texture": "#0"},
				"up": {"uv": [3.625, 7.75, 3.25, 7.25], "texture": "#0"},
				"down": {"uv": [4.125, 7.25, 3.75, 7.75], "texture": "#0"}
			}
		},
		{
			"from": [-0.625, 6.5625, 14.75],
			"to": [0.875, 10, 16.6875],
			"faces": {
				"north": {"uv": [12.25, 13, 12.625, 13.875], "texture": "#0"},
				"east": {"uv": [5.75, 12.5, 6.25, 13.375], "texture": "#0"},
				"south": {"uv": [13.25, 1.75, 13.625, 2.625], "texture": "#0"},
				"west": {"uv": [6.25, 12.5, 6.75, 13.375], "texture": "#0"},
				"up": {"uv": [4.625, 7.75, 4.25, 7.25], "texture": "#0"},
				"down": {"uv": [5.125, 7.25, 4.75, 7.75], "texture": "#0"}
			}
		},
		{
			"from": [2.8125, 11.5625, 2.25],
			"to": [14, 14.1875, 13.125],
			"faces": {
				"north": {"uv": [11.25, 1, 14, 1.625], "texture": "#0"},
				"east": {"uv": [5.25, 11.25, 8, 11.875], "texture": "#0"},
				"south": {"uv": [11.25, 7.75, 14, 8.375], "texture": "#0"},
				"west": {"uv": [8, 11.25, 10.75, 11.875], "texture": "#0"},
				"up": {"uv": [2.75, 7.25, 0, 4.5], "texture": "#0"},
				"down": {"uv": [5.5, 4.5, 2.75, 7.25], "texture": "#0"}
			}
		},
		{
			"from": [14, 11.5625, 2.25],
			"to": [15.375, 13.125, 13.125],
			"faces": {
				"north": {"uv": [0, 13.5, 0.375, 13.875], "texture": "#0"},
				"east": {"uv": [11.25, 8.5, 14, 8.875], "texture": "#0"},
				"south": {"uv": [0.5, 13.5, 0.875, 13.875], "texture": "#0"},
				"west": {"uv": [11.25, 10.25, 14, 10.625], "texture": "#0"},
				"up": {"uv": [11.125, 14, 10.75, 11.25], "texture": "#0"},
				"down": {"uv": [11.625, 10.75, 11.25, 13.5], "texture": "#0"}
			}
		},
		{
			"from": [1.5, 11.5625, 2.25],
			"to": [2.875, 13.125, 13.125],
			"faces": {
				"north": {"uv": [1, 13.5, 1.375, 13.875], "texture": "#0"},
				"east": {"uv": [11.75, 10.75, 14.5, 11.125], "texture": "#0"},
				"south": {"uv": [2, 13.5, 2.375, 13.875], "texture": "#0"},
				"west": {"uv": [11.75, 11.25, 14.5, 11.625], "texture": "#0"},
				"up": {"uv": [12.125, 14.5, 11.75, 11.75], "texture": "#0"},
				"down": {"uv": [5.625, 12, 5.25, 14.75], "texture": "#0"}
			}
		},
		{
			"from": [3, 11.5625, 0.9375],
			"to": [14.125, 13.125, 2.3125],
			"faces": {
				"north": {"uv": [12, 4.25, 14.75, 4.625], "texture": "#0"},
				"east": {"uv": [2.5, 13.5, 2.875, 13.875], "texture": "#0"},
				"south": {"uv": [12, 4.75, 14.75, 5.125], "texture": "#0"},
				"west": {"uv": [13.5, 2.75, 13.875, 3.125], "texture": "#0"},
				"up": {"uv": [14.75, 5.625, 12, 5.25], "texture": "#0"},
				"down": {"uv": [8.5, 12, 5.75, 12.375], "texture": "#0"}
			}
		},
		{
			"from": [2.875, 11.5625, 13.125],
			"to": [14, 13.125, 14.5],
			"faces": {
				"north": {"uv": [12, 5.75, 14.75, 6.125], "texture": "#0"},
				"east": {"uv": [13.5, 3.25, 13.875, 3.625], "texture": "#0"},
				"south": {"uv": [12, 6.25, 14.75, 6.625], "texture": "#0"},
				"west": {"uv": [13.5, 3.75, 13.875, 4.125], "texture": "#0"},
				"up": {"uv": [14.75, 9.375, 12, 9], "texture": "#0"},
				"down": {"uv": [14.75, 9.5, 12, 9.875], "texture": "#0"}
			}
		},
		{
			"from": [1.75, 11.5625, 13.125],
			"to": [2.875, 12.4375, 14.125],
			"faces": {
				"north": {"uv": [4.75, 7.75, 5, 8], "texture": "#0"},
				"east": {"uv": [5, 7.75, 5.25, 8], "texture": "#0"},
				"south": {"uv": [5.25, 7.75, 5.5, 8], "texture": "#0"},
				"west": {"uv": [8, 4.25, 8.25, 4.5], "texture": "#0"},
				"up": {"uv": [8.5, 4.5, 8.25, 4.25], "texture": "#0"},
				"down": {"uv": [8.75, 4.25, 8.5, 4.5], "texture": "#0"}
			}
		},
		{
			"from": [13.9375, 11.5625, 13.125],
			"to": [15.0625, 12.4375, 14.125],
			"faces": {
				"north": {"uv": [8.75, 7.75, 9, 8], "texture": "#0"},
				"east": {"uv": [9, 7.75, 9.25, 8], "texture": "#0"},
				"south": {"uv": [9.25, 7.75, 9.5, 8], "texture": "#0"},
				"west": {"uv": [9.5, 7.75, 9.75, 8], "texture": "#0"},
				"up": {"uv": [10, 8, 9.75, 7.75], "texture": "#0"},
				"down": {"uv": [10.25, 7.75, 10, 8], "texture": "#0"}
			}
		},
		{
			"from": [13.9375, 11.5625, 1.25],
			"to": [15.0625, 12.4375, 2.25],
			"faces": {
				"north": {"uv": [10.25, 7.75, 10.5, 8], "texture": "#0"},
				"east": {"uv": [10.5, 7.75, 10.75, 8], "texture": "#0"},
				"south": {"uv": [10.75, 7.75, 11, 8], "texture": "#0"},
				"west": {"uv": [11, 7.75, 11.25, 8], "texture": "#0"},
				"up": {"uv": [11.5, 9.25, 11.25, 9], "texture": "#0"},
				"down": {"uv": [11.75, 9, 11.5, 9.25], "texture": "#0"}
			}
		},
		{
			"from": [1.75, 11.5625, 1.25],
			"to": [2.875, 12.4375, 2.25],
			"faces": {
				"north": {"uv": [11.75, 9, 12, 9.25], "texture": "#0"},
				"east": {"uv": [12.5, 3.5, 12.75, 3.75], "texture": "#0"},
				"south": {"uv": [12.5, 3.75, 12.75, 4], "texture": "#0"},
				"west": {"uv": [12.5, 4, 12.75, 4.25], "texture": "#0"},
				"up": {"uv": [13.5, 4.25, 13.25, 4], "texture": "#0"},
				"down": {"uv": [6, 13.5, 5.75, 13.75], "texture": "#0"}
			}
		},
		{
			"from": [15, 3, 1],
			"to": [16, 10, 14],
			"faces": {
				"north": {"uv": [10.5, 12, 10.75, 13.75], "texture": "#0"},
				"east": {"uv": [5.5, 4.5, 8.75, 6.25], "texture": "#0"},
				"south": {"uv": [1.5, 12.5, 1.75, 14.25], "texture": "#0"},
				"west": {"uv": [5.5, 6.25, 8.75, 8], "texture": "#0"},
				"up": {"uv": [8.75, 15.25, 8.5, 12], "texture": "#0"},
				"down": {"uv": [9, 12, 8.75, 15.25], "texture": "#0"}
			}
		},
		{
			"from": [1, 3, 1],
			"to": [2, 10, 14],
			"faces": {
				"north": {"uv": [1.75, 12.5, 2, 14.25], "texture": "#0"},
				"east": {"uv": [0, 7.25, 3.25, 9], "texture": "#0"},
				"south": {"uv": [12.5, 1.75, 12.75, 3.5], "texture": "#0"},
				"west": {"uv": [8, 0, 11.25, 1.75], "texture": "#0"},
				"up": {"uv": [9.25, 15.25, 9, 12], "texture": "#0"},
				"down": {"uv": [9.5, 12, 9.25, 15.25], "texture": "#0"}
			}
		},
		{
			"from": [2, 6.1875, 0],
			"to": [15, 10, 1],
			"faces": {
				"north": {"uv": [8, 10.25, 11.25, 11.25], "texture": "#0"},
				"east": {"uv": [13.25, 6.75, 13.5, 7.75], "texture": "#0"},
				"south": {"uv": [0, 11.25, 3.25, 12.25], "texture": "#0"},
				"west": {"uv": [13.25, 13.25, 13.5, 14.25], "texture": "#0"},
				"up": {"uv": [3.25, 9.25, 0, 9], "texture": "#0"},
				"down": {"uv": [15.25, 10, 12, 10.25], "texture": "#0"}
			}
		},
		{
			"from": [2, 4.8125, 14],
			"to": [15, 10, 15],
			"faces": {
				"north": {"uv": [8.75, 4.25, 12, 5.5], "texture": "#0"},
				"east": {"uv": [13.25, 2.75, 13.5, 4], "texture": "#0"},
				"south": {"uv": [8.75, 5.5, 12, 6.75], "texture": "#0"},
				"west": {"uv": [13.25, 12, 13.5, 13.25], "texture": "#0"},
				"up": {"uv": [3.25, 12.5, 0, 12.25], "texture": "#0"},
				"down": {"uv": [15.5, 11.75, 12.25, 12], "texture": "#0"}
			}
		},
		{
			"from": [15, 4.1875, 0],
			"to": [16, 10, 1],
			"faces": {
				"north": {"uv": [3, 12.5, 3.25, 14], "texture": "#0"},
				"east": {"uv": [6.75, 12.5, 7, 14], "texture": "#0"},
				"south": {"uv": [7, 12.5, 7.25, 14], "texture": "#0"},
				"west": {"uv": [7.25, 12.5, 7.5, 14], "texture": "#0"},
				"up": {"uv": [5.5, 7.5, 5.25, 7.25], "texture": "#0"},
				"down": {"uv": [5.5, 7.5, 5.25, 7.75], "texture": "#0"}
			}
		},
		{
			"from": [15, 3.9375, 14],
			"to": [16, 10, 15],
			"faces": {
				"north": {"uv": [7.5, 12.5, 7.75, 14], "texture": "#0"},
				"east": {"uv": [7.75, 12.5, 8, 14], "texture": "#0"},
				"south": {"uv": [8, 12.5, 8.25, 14], "texture": "#0"},
				"west": {"uv": [8.25, 12.5, 8.5, 14], "texture": "#0"},
				"up": {"uv": [3.5, 8, 3.25, 7.75], "texture": "#0"},
				"down": {"uv": [3.75, 7.75, 3.5, 8], "texture": "#0"}
			}
		},
		{
			"from": [1, 3.9375, 14],
			"to": [2, 10, 15],
			"faces": {
				"north": {"uv": [12.75, 1.75, 13, 3.25], "texture": "#0"},
				"east": {"uv": [12.75, 12, 13, 13.5], "texture": "#0"},
				"south": {"uv": [13, 1.75, 13.25, 3.25], "texture": "#0"},
				"west": {"uv": [9.5, 13, 9.75, 14.5], "texture": "#0"},
				"up": {"uv": [4, 8, 3.75, 7.75], "texture": "#0"},
				"down": {"uv": [4.25, 7.75, 4, 8], "texture": "#0"}
			}
		},
		{
			"from": [1, 4.1875, 0],
			"to": [2, 10, 1],
			"faces": {
				"north": {"uv": [9.75, 13, 10, 14.5], "texture": "#0"},
				"east": {"uv": [10, 13, 10.25, 14.5], "texture": "#0"},
				"south": {"uv": [10.25, 13, 10.5, 14.5], "texture": "#0"},
				"west": {"uv": [13, 12, 13.25, 13.5], "texture": "#0"},
				"up": {"uv": [4.5, 8, 4.25, 7.75], "texture": "#0"},
				"down": {"uv": [4.75, 7.75, 4.5, 8], "texture": "#0"}
			}
		}
	],
	"display": {
		"thirdperson_righthand": {
			"translation": [0, 3, 1],
			"scale": [0.55, 0.55, 0.55]
		},
		"thirdperson_lefthand": {
			"translation": [0, 3, 1],
			"scale": [0.55, 0.55, 0.55]
		},
		"firstperson_righthand": {
			"rotation": [0, 45, 0],
			"scale": [0.4, 0.4, 0.4]
		},
		"firstperson_lefthand": {
			"scale": [0.4, 0.4, 0.4]
		},
		"ground": {
			"translation": [0, 2, 0],
			"scale": [0.5, 0.5, 0.5]
		},
		"head": {
			"translation": [-0.5, 4.5, 0.5]
		}
	}
}