{
	"credit": "Made with Blockbench",
	"texture_size": [32, 32],
	"textures": {
		"0": "item/trophy/base",
		"1": "item/trophy/stem_gold",
		"particle": "item/trophy/base"
	},
	"elements": [
		{
			"from": [3, 0, 3],
			"to": [13, 0.5, 13],
			"faces": {
				"north": {"uv": [6.25, 5.75, 8.75, 6], "texture": "#0"},
				"east": {"uv": [6.25, 6, 8.75, 6.25], "texture": "#0"},
				"south": {"uv": [6.25, 6.25, 8.75, 6.5], "texture": "#0"},
				"west": {"uv": [0, 6.5, 2.5, 6.75], "texture": "#0"},
				"up": {"uv": [2.5, 2.5, 0, 0], "texture": "#0"},
				"down": {"uv": [2.5, 2.5, 0, 5], "texture": "#0"}
			}
		},
		{
			"from": [13, 0, 3.75],
			"to": [13.125, 0.375, 12.25],
			"faces": {
				"north": {"uv": [1.5, 5, 1.75, 5.25], "texture": "#0"},
				"east": {"uv": [6.5, 2.25, 8.75, 2.5], "texture": "#0"},
				"south": {"uv": [1.75, 5, 2, 5.25], "texture": "#0"},
				"west": {"uv": [6.5, 2.5, 8.75, 2.75], "texture": "#0"},
				"up": {"uv": [6.75, 5, 6.5, 2.75], "texture": "#0"},
				"down": {"uv": [6.5, 6.5, 6.25, 8.75], "texture": "#0"}
			}
		},
		{
			"from": [11.0625, 0.875, 4.6875],
			"to": [11.375, 1.4375, 11.3125],
			"faces": {
				"north": {"uv": [2, 5, 2.25, 5.25], "texture": "#0"},
				"east": {"uv": [7, 0.25, 8.75, 0.5], "texture": "#0"},
				"south": {"uv": [2.25, 5, 2.5, 5.25], "texture": "#0"},
				"west": {"uv": [7, 0.5, 8.75, 0.75], "texture": "#0"},
				"up": {"uv": [2.75, 8.75, 2.5, 7], "texture": "#0"},
				"down": {"uv": [3, 7, 2.75, 8.75], "texture": "#0"}
			}
		},
		{
			"from": [4.625, 0.875, 4.6875],
			"to": [4.9375, 1.4375, 11.3125],
			"faces": {
				"north": {"uv": [1.5, 5.25, 1.75, 5.5], "texture": "#0"},
				"east": {"uv": [7, 0.75, 8.75, 1], "texture": "#0"},
				"south": {"uv": [1.75, 5.25, 2, 5.5], "texture": "#0"},
				"west": {"uv": [7, 1, 8.75, 1.25], "texture": "#0"},
				"up": {"uv": [3.25, 8.75, 3, 7], "texture": "#0"},
				"down": {"uv": [3.5, 7, 3.25, 8.75], "texture": "#0"}
			}
		},
		{
			"from": [4.61875, 0.875, 11.08125],
			"to": [11.36875, 1.4375, 11.39375],
			"rotation": {"angle": 0, "axis": "y", "origin": [4.78125, 1.15625, 8]},
			"faces": {
				"north": {"uv": [7, 1.25, 8.75, 1.5], "texture": "#0"},
				"east": {"uv": [2, 5.25, 2.25, 5.5], "texture": "#0"},
				"south": {"uv": [7, 1.5, 8.75, 1.75], "texture": "#0"},
				"west": {"uv": [2.25, 5.25, 2.5, 5.5], "texture": "#0"},
				"up": {"uv": [8.75, 2, 7, 1.75], "texture": "#0"},
				"down": {"uv": [8.75, 2, 7, 2.25], "texture": "#0"}
			}
		},
		{
			"from": [4.61875, 0.875, 4.64375],
			"to": [11.36875, 1.4375, 4.95625],
			"rotation": {"angle": 0, "axis": "y", "origin": [4.78125, 1.15625, 8]},
			"faces": {
				"north": {"uv": [6.75, 7, 8.5, 7.25], "texture": "#0"},
				"east": {"uv": [1.5, 5.5, 1.75, 5.75], "texture": "#0"},
				"south": {"uv": [0.25, 7.25, 2, 7.5], "texture": "#0"},
				"west": {"uv": [1.75, 5.5, 2, 5.75], "texture": "#0"},
				"up": {"uv": [5.25, 7.5, 3.5, 7.25], "texture": "#0"},
				"down": {"uv": [8.5, 7.25, 6.75, 7.5], "texture": "#0"}
			}
		},
		{
			"from": [2.875, 0, 3.75],
			"to": [3, 0.375, 12.25],
			"faces": {
				"north": {"uv": [2, 5.5, 2.25, 5.75], "texture": "#0"},
				"east": {"uv": [6.5, 5, 8.75, 5.25], "texture": "#0"},
				"south": {"uv": [2.25, 5.5, 2.5, 5.75], "texture": "#0"},
				"west": {"uv": [6.5, 5.25, 8.75, 5.5], "texture": "#0"},
				"up": {"uv": [6.75, 8.75, 6.5, 6.5], "texture": "#0"},
				"down": {"uv": [0.25, 6.75, 0, 9], "texture": "#0"}
			}
		},
		{
			"from": [3.8125, 0, 13],
			"to": [12.3125, 0.375, 13.125],
			"rotation": {"angle": 0, "axis": "y", "origin": [13.0625, 0.1875, 8]},
			"faces": {
				"north": {"uv": [6.5, 5.5, 8.75, 5.75], "texture": "#0"},
				"east": {"uv": [1.5, 5.75, 1.75, 6], "texture": "#0"},
				"south": {"uv": [0.25, 6.75, 2.5, 7], "texture": "#0"},
				"west": {"uv": [1.75, 5.75, 2, 6], "texture": "#0"},
				"up": {"uv": [4.75, 7, 2.5, 6.75], "texture": "#0"},
				"down": {"uv": [9, 2.75, 6.75, 3], "texture": "#0"}
			}
		},
		{
			"from": [3.8125, 0, 2.875],
			"to": [12.3125, 0.375, 3],
			"rotation": {"angle": 0, "axis": "y", "origin": [13.0625, 0.1875, 8]},
			"faces": {
				"north": {"uv": [6.75, 3, 9, 3.25], "texture": "#0"},
				"east": {"uv": [2, 5.75, 2.25, 6], "texture": "#0"},
				"south": {"uv": [6.75, 3.25, 9, 3.5], "texture": "#0"},
				"west": {"uv": [2.25, 5.75, 2.5, 6], "texture": "#0"},
				"up": {"uv": [9, 3.75, 6.75, 3.5], "texture": "#0"},
				"down": {"uv": [9, 3.75, 6.75, 4], "texture": "#0"}
			}
		},
		{
			"from": [3.5, 0.5, 3.5],
			"to": [12.5, 0.75, 12.5],
			"faces": {
				"north": {"uv": [6.75, 4, 9, 4.25], "texture": "#0"},
				"east": {"uv": [6.75, 4.25, 9, 4.5], "texture": "#0"},
				"south": {"uv": [6.75, 4.5, 9, 4.75], "texture": "#0"},
				"west": {"uv": [6.75, 4.75, 9, 5], "texture": "#0"},
				"up": {"uv": [4.75, 2.25, 2.5, 0], "texture": "#0"},
				"down": {"uv": [4.75, 2.25, 2.5, 4.5], "texture": "#0"}
			}
		},
		{
			"from": [3.75, 0.75, 3.75],
			"to": [12.25, 0.875, 12.25],
			"faces": {
				"north": {"uv": [6.75, 6.5, 9, 6.75], "texture": "#0"},
				"east": {"uv": [6.75, 6.75, 9, 7], "texture": "#0"},
				"south": {"uv": [7, 0, 9.25, 0.25], "texture": "#0"},
				"west": {"uv": [0.25, 7, 2.5, 7.25], "texture": "#0"},
				"up": {"uv": [4.75, 6.75, 2.5, 4.5], "texture": "#0"},
				"down": {"uv": [7, 0, 4.75, 2.25], "texture": "#0"}
			}
		},
		{
			"from": [4.75, 0.75, 4.75],
			"to": [11.25, 1.3125, 11.25],
			"faces": {
				"north": {"uv": [0.25, 7.5, 2, 7.75], "texture": "#0"},
				"east": {"uv": [3.5, 7.5, 5.25, 7.75], "texture": "#0"},
				"south": {"uv": [6.75, 7.5, 8.5, 7.75], "texture": "#0"},
				"west": {"uv": [0.25, 7.75, 2, 8], "texture": "#0"},
				"up": {"uv": [6.5, 4, 4.75, 2.25], "texture": "#0"},
				"down": {"uv": [6.5, 4, 4.75, 5.75], "texture": "#0"}
			}
		},
		{
			"from": [5.25, 1.3125, 5.25],
			"to": [10.75, 1.625, 10.75],
			"faces": {
				"north": {"uv": [3.5, 7.75, 5, 8], "texture": "#0"},
				"east": {"uv": [6.75, 7.75, 8.25, 8], "texture": "#0"},
				"south": {"uv": [0.25, 8, 1.75, 8.25], "texture": "#0"},
				"west": {"uv": [3.5, 8, 5, 8.25], "texture": "#0"},
				"up": {"uv": [1.5, 6.5, 0, 5], "texture": "#0"},
				"down": {"uv": [6.25, 5.75, 4.75, 7.25], "texture": "#0"}
			}
		},
		{
			"from": [7.25, 4.875, 7.25],
			"to": [8.75, 7.875, 8.75],
			"rotation": {"angle": 45, "axis": "y", "origin": [8, 4.375, 8]},
			"faces": {
				"north": {"uv": [1.5, 0, 2.5, 1.5], "texture": "#1"},
				"east": {"uv": [1.5, 1.5, 2.5, 3], "texture": "#1"},
				"south": {"uv": [2.5, 0, 3.5, 1.5], "texture": "#1"},
				"west": {"uv": [2.5, 1.5, 3.5, 3], "texture": "#1"},
				"up": {"uv": [5, 5, 4, 4], "texture": "#1"},
				"down": {"uv": [1, 4.5, 0, 5.5], "texture": "#1"}
			}
		},
		{
			"from": [7, 2.375, 7],
			"to": [9, 4.875, 9],
			"rotation": {"angle": 45, "axis": "y", "origin": [8, 4.375, 8]},
			"faces": {
				"north": {"uv": [0, 3, 1, 4.5], "texture": "#1"},
				"east": {"uv": [1, 3, 2, 4.5], "texture": "#1"},
				"south": {"uv": [2, 3, 3, 4.5], "texture": "#1"},
				"west": {"uv": [3, 3, 4, 4.5], "texture": "#1"},
				"up": {"uv": [2, 5.5, 1, 4.5], "texture": "#1"},
				"down": {"uv": [3, 4.5, 2, 5.5], "texture": "#1"}
			}
		},
		{
			"from": [6.75, 1.625, 6.75],
			"to": [9.25, 3.125, 9.25],
			"rotation": {"angle": 45, "axis": "y", "origin": [8, 4.375, 8]},
			"faces": {
				"north": {"uv": [3.5, 0, 5, 1], "texture": "#1"},
				"east": {"uv": [3.5, 1, 5, 2], "texture": "#1"},
				"south": {"uv": [3.5, 2, 5, 3], "texture": "#1"},
				"west": {"uv": [4, 3, 5.5, 4], "texture": "#1"},
				"up": {"uv": [1.5, 1.5, 0, 0], "texture": "#1"},
				"down": {"uv": [1.5, 1.5, 0, 3], "texture": "#1"}
			}
		},
		{
			"from": [7.75, 1.625, 6.2125],
			"to": [8.25, 3.15, 6.85],
			"rotation": {"angle": 0, "axis": "y", "origin": [6.5, 2.375, 6.875]},
			"faces": {
				"north": {"uv": [5.5, 4.5, 6, 5.5], "texture": "#1"},
				"east": {"uv": [5, 5.5, 5.5, 6.5], "texture": "#1"},
				"south": {"uv": [5.5, 5.5, 6, 6.5], "texture": "#1"},
				"west": {"uv": [6, 0, 6.5, 1], "texture": "#1"},
				"up": {"uv": [3.5, 7.5, 3, 7], "texture": "#1"},
				"down": {"uv": [7.5, 3, 7, 3.5], "texture": "#1"}
			}
		},
		{
			"from": [7.875, 3.125, 6.5625],
			"to": [8.125, 4.9, 6.7],
			"rotation": {"angle": 0, "axis": "y", "origin": [6.5, 2.375, 6.875]},
			"faces": {
				"north": {"uv": [6, 1, 6.5, 2], "texture": "#1"},
				"east": {"uv": [6, 2, 6.5, 3], "texture": "#1"},
				"south": {"uv": [3, 6, 3.5, 7], "texture": "#1"},
				"west": {"uv": [6, 3, 6.5, 4], "texture": "#1"},
				"up": {"uv": [4, 7.5, 3.5, 7], "texture": "#1"},
				"down": {"uv": [7.5, 3.5, 7, 4], "texture": "#1"}
			}
		},
		{
			"from": [7.95, 4.875, 6.8625],
			"to": [8.05, 7.9, 6.95],
			"rotation": {"angle": 0, "axis": "y", "origin": [6.5, 2.375, 6.875]},
			"faces": {
				"north": {"uv": [3, 4.5, 3.5, 6], "texture": "#1"},
				"east": {"uv": [3.5, 4.5, 4, 6], "texture": "#1"},
				"south": {"uv": [5, 0, 5.5, 1.5], "texture": "#1"},
				"west": {"uv": [5, 1.5, 5.5, 3], "texture": "#1"},
				"up": {"uv": [7.5, 4.5, 7, 4], "texture": "#1"},
				"down": {"uv": [7.5, 4.5, 7, 5], "texture": "#1"}
			}
		},
		{
			"from": [7.925, 4.525, 6.7875],
			"to": [8.075, 5.85, 7.1],
			"rotation": {"angle": 0, "axis": "y", "origin": [6.5, 2.375, 6.875]},
			"faces": {
				"north": {"uv": [7, 5, 7.5, 5.5], "texture": "#1"},
				"east": {"uv": [7, 5.5, 7.5, 6], "texture": "#1"},
				"south": {"uv": [6, 7, 6.5, 7.5], "texture": "#1"},
				"west": {"uv": [7, 6, 7.5, 6.5], "texture": "#1"},
				"up": {"uv": [7, 7.5, 6.5, 7], "texture": "#1"},
				"down": {"uv": [7.5, 6.5, 7, 7], "texture": "#1"}
			}
		},
		{
			"from": [7.9, 4.2, 6.6625],
			"to": [8.1, 5.525, 7.1],
			"rotation": {"angle": 0, "axis": "y", "origin": [6.5, 2.375, 6.875]},
			"faces": {
				"north": {"uv": [7, 7, 7.5, 7.5], "texture": "#1"},
				"east": {"uv": [7.5, 0, 8, 0.5], "texture": "#1"},
				"south": {"uv": [7.5, 0.5, 8, 1], "texture": "#1"},
				"west": {"uv": [7.5, 1, 8, 1.5], "texture": "#1"},
				"up": {"uv": [8, 2, 7.5, 1.5], "texture": "#1"},
				"down": {"uv": [8, 2, 7.5, 2.5], "texture": "#1"}
			}
		},
		{
			"from": [7.825, 3.125, 6.4375],
			"to": [8.175, 4.15, 6.775],
			"rotation": {"angle": 0, "axis": "y", "origin": [6.5, 2.375, 6.875]},
			"faces": {
				"north": {"uv": [7.5, 2.5, 8, 3], "texture": "#1"},
				"east": {"uv": [3, 7.5, 3.5, 8], "texture": "#1"},
				"south": {"uv": [7.5, 3, 8, 3.5], "texture": "#1"},
				"west": {"uv": [3.5, 7.5, 4, 8], "texture": "#1"},
				"up": {"uv": [8, 4, 7.5, 3.5], "texture": "#1"},
				"down": {"uv": [4.5, 7.5, 4, 8], "texture": "#1"}
			}
		},
		{
			"from": [7.8, 3.125, 6.3125],
			"to": [8.2, 3.65, 6.775],
			"rotation": {"angle": 0, "axis": "y", "origin": [6.5, 2.375, 6.875]},
			"faces": {
				"north": {"uv": [7.5, 4, 8, 4.5], "texture": "#1"},
				"east": {"uv": [4.5, 7.5, 5, 8], "texture": "#1"},
				"south": {"uv": [7.5, 4.5, 8, 5], "texture": "#1"},
				"west": {"uv": [5, 7.5, 5.5, 8], "texture": "#1"},
				"up": {"uv": [8, 5.5, 7.5, 5], "texture": "#1"},
				"down": {"uv": [6, 7.5, 5.5, 8], "texture": "#1"}
			}
		},
		{
			"from": [7.75, 1.625, 9.15],
			"to": [8.25, 3.15, 9.7875],
			"rotation": {"angle": 0, "axis": "y", "origin": [6.5, 2.375, 9.125]},
			"faces": {
				"north": {"uv": [3.5, 6, 4, 7], "texture": "#1"},
				"east": {"uv": [6, 4, 6.5, 5], "texture": "#1"},
				"south": {"uv": [6, 5, 6.5, 6], "texture": "#1"},
				"west": {"uv": [6, 6, 6.5, 7], "texture": "#1"},
				"up": {"uv": [8, 6, 7.5, 5.5], "texture": "#1"},
				"down": {"uv": [6.5, 7.5, 6, 8], "texture": "#1"}
			}
		},
		{
			"from": [7.8, 3.125, 9.225],
			"to": [8.2, 3.65, 9.6875],
			"rotation": {"angle": 0, "axis": "y", "origin": [6.5, 2.375, 9.125]},
			"faces": {
				"north": {"uv": [7.5, 6, 8, 6.5], "texture": "#1"},
				"east": {"uv": [6.5, 7.5, 7, 8], "texture": "#1"},
				"south": {"uv": [7.5, 6.5, 8, 7], "texture": "#1"},
				"west": {"uv": [7, 7.5, 7.5, 8], "texture": "#1"},
				"up": {"uv": [8, 7.5, 7.5, 7], "texture": "#1"},
				"down": {"uv": [8, 7.5, 7.5, 8], "texture": "#1"}
			}
		},
		{
			"from": [7.875, 3.125, 9.3],
			"to": [8.125, 4.9, 9.4375],
			"rotation": {"angle": 0, "axis": "y", "origin": [6.5, 2.375, 9.125]},
			"faces": {
				"north": {"uv": [6.5, 0, 7, 1], "texture": "#1"},
				"east": {"uv": [6.5, 1, 7, 2], "texture": "#1"},
				"south": {"uv": [6.5, 2, 7, 3], "texture": "#1"},
				"west": {"uv": [6.5, 3, 7, 4], "texture": "#1"},
				"up": {"uv": [0.5, 8.5, 0, 8], "texture": "#1"},
				"down": {"uv": [8.5, 0, 8, 0.5], "texture": "#1"}
			}
		},
		{
			"from": [7.825, 3.125, 9.225],
			"to": [8.175, 4.15, 9.5625],
			"rotation": {"angle": 0, "axis": "y", "origin": [6.5, 2.375, 9.125]},
			"faces": {
				"north": {"uv": [0.5, 8, 1, 8.5], "texture": "#1"},
				"east": {"uv": [8, 0.5, 8.5, 1], "texture": "#1"},
				"south": {"uv": [1, 8, 1.5, 8.5], "texture": "#1"},
				"west": {"uv": [8, 1, 8.5, 1.5], "texture": "#1"},
				"up": {"uv": [2, 8.5, 1.5, 8], "texture": "#1"},
				"down": {"uv": [8.5, 1.5, 8, 2], "texture": "#1"}
			}
		},
		{
			"from": [7.9, 4.2, 8.9],
			"to": [8.1, 5.525, 9.3375],
			"rotation": {"angle": 0, "axis": "y", "origin": [6.5, 2.375, 9.125]},
			"faces": {
				"north": {"uv": [2, 8, 2.5, 8.5], "texture": "#1"},
				"east": {"uv": [8, 2, 8.5, 2.5], "texture": "#1"},
				"south": {"uv": [2.5, 8, 3, 8.5], "texture": "#1"},
				"west": {"uv": [8, 2.5, 8.5, 3], "texture": "#1"},
				"up": {"uv": [3.5, 8.5, 3, 8], "texture": "#1"},
				"down": {"uv": [8.5, 3, 8, 3.5], "texture": "#1"}
			}
		},
		{
			"from": [7.925, 4.525, 8.9],
			"to": [8.075, 5.85, 9.2125],
			"rotation": {"angle": 0, "axis": "y", "origin": [6.5, 2.375, 9.125]},
			"faces": {
				"north": {"uv": [3.5, 8, 4, 8.5], "texture": "#1"},
				"east": {"uv": [8, 3.5, 8.5, 4], "texture": "#1"},
				"south": {"uv": [4, 8, 4.5, 8.5], "texture": "#1"},
				"west": {"uv": [8, 4, 8.5, 4.5], "texture": "#1"},
				"up": {"uv": [5, 8.5, 4.5, 8], "texture": "#1"},
				"down": {"uv": [8.5, 4.5, 8, 5], "texture": "#1"}
			}
		},
		{
			"from": [7.95, 4.875, 9.05],
			"to": [8.05, 7.9, 9.1375],
			"rotation": {"angle": 0, "axis": "y", "origin": [6.5, 2.375, 9.125]},
			"faces": {
				"north": {"uv": [4, 5, 4.5, 6.5], "texture": "#1"},
				"east": {"uv": [5, 4, 5.5, 5.5], "texture": "#1"},
				"south": {"uv": [4.5, 5, 5, 6.5], "texture": "#1"},
				"west": {"uv": [0, 5.5, 0.5, 7], "texture": "#1"},
				"up": {"uv": [5.5, 8.5, 5, 8], "texture": "#1"},
				"down": {"uv": [8.5, 5, 8, 5.5], "texture": "#1"}
			}
		},
		{
			"from": [6.2375, 1.625, 7.75],
			"to": [6.875, 3.15, 8.25],
			"rotation": {"angle": 0, "axis": "y", "origin": [6.5, 2.375, 9.125]},
			"faces": {
				"north": {"uv": [4, 6.5, 4.5, 7.5], "texture": "#1"},
				"east": {"uv": [6.5, 4, 7, 5], "texture": "#1"},
				"south": {"uv": [4.5, 6.5, 5, 7.5], "texture": "#1"},
				"west": {"uv": [5, 6.5, 5.5, 7.5], "texture": "#1"},
				"up": {"uv": [6, 8.5, 5.5, 8], "texture": "#1"},
				"down": {"uv": [8.5, 5.5, 8, 6], "texture": "#1"}
			}
		},
		{
			"from": [6.3375, 3.125, 7.8],
			"to": [6.8, 3.65, 8.2],
			"rotation": {"angle": 0, "axis": "y", "origin": [6.5, 2.375, 9.125]},
			"faces": {
				"north": {"uv": [6, 8, 6.5, 8.5], "texture": "#1"},
				"east": {"uv": [8, 6, 8.5, 6.5], "texture": "#1"},
				"south": {"uv": [6.5, 8, 7, 8.5], "texture": "#1"},
				"west": {"uv": [8, 6.5, 8.5, 7], "texture": "#1"},
				"up": {"uv": [7.5, 8.5, 7, 8], "texture": "#1"},
				"down": {"uv": [8.5, 7, 8, 7.5], "texture": "#1"}
			}
		},
		{
			"from": [6.5875, 3.125, 7.875],
			"to": [6.725, 4.9, 8.125],
			"rotation": {"angle": 0, "axis": "y", "origin": [6.5, 2.375, 9.125]},
			"faces": {
				"north": {"uv": [6.5, 5, 7, 6], "texture": "#1"},
				"east": {"uv": [5.5, 6.5, 6, 7.5], "texture": "#1"},
				"south": {"uv": [6.5, 6, 7, 7], "texture": "#1"},
				"west": {"uv": [0, 7, 0.5, 8], "texture": "#1"},
				"up": {"uv": [8, 8.5, 7.5, 8], "texture": "#1"},
				"down": {"uv": [8.5, 7.5, 8, 8], "texture": "#1"}
			}
		},
		{
			"from": [6.4625, 3.125, 7.825],
			"to": [6.8, 4.15, 8.175],
			"rotation": {"angle": 0, "axis": "y", "origin": [6.5, 2.375, 9.125]},
			"faces": {
				"north": {"uv": [8, 8, 8.5, 8.5], "texture": "#1"},
				"east": {"uv": [0, 8.5, 0.5, 9], "texture": "#1"},
				"south": {"uv": [8.5, 0, 9, 0.5], "texture": "#1"},
				"west": {"uv": [0.5, 8.5, 1, 9], "texture": "#1"},
				"up": {"uv": [9, 1, 8.5, 0.5], "texture": "#1"},
				"down": {"uv": [1.5, 8.5, 1, 9], "texture": "#1"}
			}
		},
		{
			"from": [6.6875, 4.2, 7.9],
			"to": [7.125, 5.525, 8.1],
			"rotation": {"angle": 0, "axis": "y", "origin": [6.5, 2.375, 9.125]},
			"faces": {
				"north": {"uv": [8.5, 1, 9, 1.5], "texture": "#1"},
				"east": {"uv": [1.5, 8.5, 2, 9], "texture": "#1"},
				"south": {"uv": [8.5, 1.5, 9, 2], "texture": "#1"},
				"west": {"uv": [2, 8.5, 2.5, 9], "texture": "#1"},
				"up": {"uv": [9, 2.5, 8.5, 2], "texture": "#1"},
				"down": {"uv": [3, 8.5, 2.5, 9], "texture": "#1"}
			}
		},
		{
			"from": [6.8125, 4.525, 7.925],
			"to": [7.125, 5.85, 8.075],
			"rotation": {"angle": 0, "axis": "y", "origin": [6.5, 2.375, 9.125]},
			"faces": {
				"north": {"uv": [8.5, 2.5, 9, 3], "texture": "#1"},
				"east": {"uv": [3, 8.5, 3.5, 9], "texture": "#1"},
				"south": {"uv": [8.5, 3, 9, 3.5], "texture": "#1"},
				"west": {"uv": [3.5, 8.5, 4, 9], "texture": "#1"},
				"up": {"uv": [9, 4, 8.5, 3.5], "texture": "#1"},
				"down": {"uv": [4.5, 8.5, 4, 9], "texture": "#1"}
			}
		},
		{
			"from": [6.8875, 4.875, 7.95],
			"to": [6.975, 7.9, 8.05],
			"rotation": {"angle": 0, "axis": "y", "origin": [6.5, 2.375, 9.125]},
			"faces": {
				"north": {"uv": [5.5, 0, 6, 1.5], "texture": "#1"},
				"east": {"uv": [0.5, 5.5, 1, 7], "texture": "#1"},
				"south": {"uv": [1, 5.5, 1.5, 7], "texture": "#1"},
				"west": {"uv": [1.5, 5.5, 2, 7], "texture": "#1"},
				"up": {"uv": [9, 4.5, 8.5, 4], "texture": "#1"},
				"down": {"uv": [5, 8.5, 4.5, 9], "texture": "#1"}
			}
		},
		{
			"from": [9.125, 1.625, 7.75],
			"to": [9.7625, 3.15, 8.25],
			"rotation": {"angle": 0, "axis": "y", "origin": [9.5, 2.375, 9.125]},
			"faces": {
				"north": {"uv": [7, 0, 7.5, 1], "texture": "#1"},
				"east": {"uv": [0.5, 7, 1, 8], "texture": "#1"},
				"south": {"uv": [1, 7, 1.5, 8], "texture": "#1"},
				"west": {"uv": [7, 1, 7.5, 2], "texture": "#1"},
				"up": {"uv": [9, 5, 8.5, 4.5], "texture": "#1"},
				"down": {"uv": [5.5, 8.5, 5, 9], "texture": "#1"}
			}
		},
		{
			"from": [9.2, 3.125, 7.8],
			"to": [9.6625, 3.65, 8.2],
			"rotation": {"angle": 0, "axis": "y", "origin": [9.5, 2.375, 9.125]},
			"faces": {
				"north": {"uv": [8.5, 5, 9, 5.5], "texture": "#1"},
				"east": {"uv": [5.5, 8.5, 6, 9], "texture": "#1"},
				"south": {"uv": [8.5, 5.5, 9, 6], "texture": "#1"},
				"west": {"uv": [6, 8.5, 6.5, 9], "texture": "#1"},
				"up": {"uv": [9, 6.5, 8.5, 6], "texture": "#1"},
				"down": {"uv": [7, 8.5, 6.5, 9], "texture": "#1"}
			}
		},
		{
			"from": [9.275, 3.125, 7.875],
			"to": [9.4125, 4.9, 8.125],
			"rotation": {"angle": 0, "axis": "y", "origin": [9.5, 2.375, 9.125]},
			"faces": {
				"north": {"uv": [1.5, 7, 2, 8], "texture": "#1"},
				"east": {"uv": [2, 7, 2.5, 8], "texture": "#1"},
				"south": {"uv": [7, 2, 7.5, 3], "texture": "#1"},
				"west": {"uv": [2.5, 7, 3, 8], "texture": "#1"},
				"up": {"uv": [9, 7, 8.5, 6.5], "texture": "#1"},
				"down": {"uv": [7.5, 8.5, 7, 9], "texture": "#1"}
			}
		},
		{
			"from": [9.2, 3.125, 7.825],
			"to": [9.5375, 4.15, 8.175],
			"rotation": {"angle": 0, "axis": "y", "origin": [9.5, 2.375, 9.125]},
			"faces": {
				"north": {"uv": [8.5, 7, 9, 7.5], "texture": "#1"},
				"east": {"uv": [7.5, 8.5, 8, 9], "texture": "#1"},
				"south": {"uv": [8.5, 7.5, 9, 8], "texture": "#1"},
				"west": {"uv": [8, 8.5, 8.5, 9], "texture": "#1"},
				"up": {"uv": [9, 8.5, 8.5, 8], "texture": "#1"},
				"down": {"uv": [9, 8.5, 8.5, 9], "texture": "#1"}
			}
		},
		{
			"from": [8.875, 4.2, 7.9],
			"to": [9.3125, 5.525, 8.1],
			"rotation": {"angle": 0, "axis": "y", "origin": [9.5, 2.375, 9.125]},
			"faces": {
				"north": {"uv": [0, 9, 0.5, 9.5], "texture": "#1"},
				"east": {"uv": [9, 0, 9.5, 0.5], "texture": "#1"},
				"south": {"uv": [0.5, 9, 1, 9.5], "texture": "#1"},
				"west": {"uv": [9, 0.5, 9.5, 1], "texture": "#1"},
				"up": {"uv": [1.5, 9.5, 1, 9], "texture": "#1"},
				"down": {"uv": [9.5, 1, 9, 1.5], "texture": "#1"}
			}
		},
		{
			"from": [8.875, 4.525, 7.925],
			"to": [9.1875, 5.85, 8.075],
			"rotation": {"angle": 0, "axis": "y", "origin": [9.5, 2.375, 9.125]},
			"faces": {
				"north": {"uv": [1.5, 9, 2, 9.5], "texture": "#1"},
				"east": {"uv": [9, 1.5, 9.5, 2], "texture": "#1"},
				"south": {"uv": [2, 9, 2.5, 9.5], "texture": "#1"},
				"west": {"uv": [9, 2, 9.5, 2.5], "texture": "#1"},
				"up": {"uv": [3, 9.5, 2.5, 9], "texture": "#1"},
				"down": {"uv": [9.5, 2.5, 9, 3], "texture": "#1"}
			}
		},
		{
			"from": [9.025, 4.875, 7.95],
			"to": [9.1125, 7.9, 8.05],
			"rotation": {"angle": 0, "axis": "y", "origin": [9.5, 2.375, 9.125]},
			"faces": {
				"north": {"uv": [5.5, 1.5, 6, 3], "texture": "#1"},
				"east": {"uv": [2, 5.5, 2.5, 7], "texture": "#1"},
				"south": {"uv": [2.5, 5.5, 3, 7], "texture": "#1"},
				"west": {"uv": [5.5, 3, 6, 4.5], "texture": "#1"},
				"up": {"uv": [3.5, 9.5, 3, 9], "texture": "#1"},
				"down": {"uv": [9.5, 3, 9, 3.5], "texture": "#1"}
			}
		},
		{
			"from": [6, 7.825, 6],
			"to": [10, 8.325, 10],
			"rotation": {"angle": 0, "axis": "y", "origin": [8, 11.1375, 8]},
			"faces": {
				"north": {"uv": [0, 0, 2, 0.25], "texture": "#1"},
				"east": {"uv": [0, 0, 2, 0.25], "texture": "#1"},
				"south": {"uv": [0, 0, 2, 0.25], "texture": "#1"},
				"west": {"uv": [0, 0, 2, 0.25], "texture": "#1"},
				"up": {"uv": [0, 0, 2, 2], "texture": "#1"},
				"down": {"uv": [0, 0, 2, 2], "texture": "#1"}
			}
		},
		{
			"from": [5, 8.325, 5],
			"to": [11, 9.325, 11],
			"rotation": {"angle": 0, "axis": "y", "origin": [8, 11.1375, 8]},
			"faces": {
				"north": {"uv": [0, 0, 3, 0.5], "texture": "#1"},
				"east": {"uv": [0, 0, 3, 0.5], "texture": "#1"},
				"south": {"uv": [0, 0, 3, 0.5], "texture": "#1"},
				"west": {"uv": [0, 0, 3, 0.5], "texture": "#1"},
				"up": {"uv": [0, 0, 3, 3], "texture": "#1"},
				"down": {"uv": [0, 0, 3, 3], "texture": "#1"}
			}
		},
		{
			"from": [11, 9.325, 4.5],
			"to": [11.5, 10.325, 11.5],
			"rotation": {"angle": 0, "axis": "y", "origin": [8, 11.1375, 8]},
			"faces": {
				"north": {"uv": [0, 0, 0.25, 0.5], "texture": "#1"},
				"east": {"uv": [0, 0, 3.5, 0.5], "texture": "#1"},
				"south": {"uv": [0, 0, 0.25, 0.5], "texture": "#1"},
				"west": {"uv": [0, 0, 3.5, 0.5], "texture": "#1"},
				"up": {"uv": [0, 0, 0.25, 3.5], "texture": "#1"},
				"down": {"uv": [0, 0, 0.25, 3.5], "texture": "#1"}
			}
		},
		{
			"from": [4.5, 9.325, 4.5],
			"to": [5, 10.325, 11.5],
			"rotation": {"angle": 0, "axis": "y", "origin": [8, 11.1375, 8]},
			"faces": {
				"north": {"uv": [0, 0, 0.25, 0.5], "texture": "#1"},
				"east": {"uv": [0, 0, 3.5, 0.5], "texture": "#1"},
				"south": {"uv": [0, 0, 0.25, 0.5], "texture": "#1"},
				"west": {"uv": [0, 0, 3.5, 0.5], "texture": "#1"},
				"up": {"uv": [0, 0, 0.25, 3.5], "texture": "#1"},
				"down": {"uv": [0, 0, 0.25, 3.5], "texture": "#1"}
			}
		},
		{
			"from": [5, 9.325, 4.5],
			"to": [11, 10.325, 5],
			"rotation": {"angle": 0, "axis": "y", "origin": [8, 11.1375, 8]},
			"faces": {
				"north": {"uv": [0, 0, 3, 0.5], "texture": "#1"},
				"east": {"uv": [0, 0, 0.25, 0.5], "texture": "#1"},
				"south": {"uv": [0, 0, 3, 0.5], "texture": "#1"},
				"west": {"uv": [0, 0, 0.25, 0.5], "texture": "#1"},
				"up": {"uv": [0, 0, 0.25, 3], "rotation": 90, "texture": "#1"},
				"down": {"uv": [0, 0, 0.25, 3], "rotation": 270, "texture": "#1"}
			}
		},
		{
			"from": [5, 9.325, 11],
			"to": [11, 10.325, 11.5],
			"rotation": {"angle": 0, "axis": "y", "origin": [8, 11.1375, 8]},
			"faces": {
				"north": {"uv": [0, 0, 3, 0.5], "texture": "#1"},
				"east": {"uv": [0, 0, 0.25, 0.5], "texture": "#1"},
				"south": {"uv": [0, 0, 3, 0.5], "texture": "#1"},
				"west": {"uv": [0, 0, 0.25, 0.5], "texture": "#1"},
				"up": {"uv": [0, 0, 0.25, 3], "rotation": 90, "texture": "#1"},
				"down": {"uv": [0, 0, 0.25, 3], "rotation": 270, "texture": "#1"}
			}
		},
		{
			"from": [11.25, 10.325, 4.25],
			"to": [11.75, 12.575, 11.75],
			"rotation": {"angle": 0, "axis": "y", "origin": [8, 11.1375, 8]},
			"faces": {
				"north": {"uv": [0, 0, 0.25, 1.125], "texture": "#1"},
				"east": {"uv": [0, 0, 3.75, 1.125], "texture": "#1"},
				"south": {"uv": [0, 0, 0.25, 1.125], "texture": "#1"},
				"west": {"uv": [0, 0, 3.75, 1.125], "texture": "#1"},
				"up": {"uv": [0, 0, 0.25, 3.75], "texture": "#1"},
				"down": {"uv": [0, 0, 0.25, 3.75], "texture": "#1"}
			}
		},
		{
			"from": [4.75, 10.325, 4.25],
			"to": [11.25, 12.575, 4.75],
			"rotation": {"angle": 0, "axis": "y", "origin": [8, 11.1375, 8]},
			"faces": {
				"north": {"uv": [0, 0, 3.25, 1.125], "texture": "#1"},
				"east": {"uv": [0, 0, 0.25, 1.125], "texture": "#1"},
				"south": {"uv": [0, 0, 3.25, 1.125], "texture": "#1"},
				"west": {"uv": [0, 0, 0.25, 1.125], "texture": "#1"},
				"up": {"uv": [0, 0, 0.25, 3.25], "rotation": 90, "texture": "#1"},
				"down": {"uv": [0, 0, 0.25, 3.25], "rotation": 270, "texture": "#1"}
			}
		},
		{
			"from": [4.25, 10.325, 4.25],
			"to": [4.75, 12.575, 11.75],
			"rotation": {"angle": 0, "axis": "y", "origin": [8, 11.1375, 8]},
			"faces": {
				"north": {"uv": [0, 0, 0.25, 1.125], "texture": "#1"},
				"east": {"uv": [0, 0, 3.75, 1.125], "texture": "#1"},
				"south": {"uv": [0, 0, 0.25, 1.125], "texture": "#1"},
				"west": {"uv": [0, 0, 3.75, 1.125], "texture": "#1"},
				"up": {"uv": [0, 0, 0.25, 3.75], "texture": "#1"},
				"down": {"uv": [0, 0, 0.25, 3.75], "texture": "#1"}
			}
		},
		{
			"from": [4.75, 10.325, 11.25],
			"to": [11.25, 12.575, 11.75],
			"rotation": {"angle": 0, "axis": "y", "origin": [8, 11.1375, 8]},
			"faces": {
				"north": {"uv": [0, 0, 3.25, 1.125], "texture": "#1"},
				"east": {"uv": [0, 0, 0.25, 1.125], "texture": "#1"},
				"south": {"uv": [0, 0, 3.25, 1.125], "texture": "#1"},
				"west": {"uv": [0, 0, 0.25, 1.125], "texture": "#1"},
				"up": {"uv": [0, 0, 0.25, 3.25], "rotation": 90, "texture": "#1"},
				"down": {"uv": [0, 0, 0.25, 3.25], "rotation": 270, "texture": "#1"}
			}
		},
		{
			"from": [11.75, 12.575, 4.25],
			"to": [12.25, 14.075, 11.75],
			"rotation": {"angle": 0, "axis": "y", "origin": [8, 11.1375, 8]},
			"faces": {
				"north": {"uv": [0, 0, 0.25, 0.75], "texture": "#1"},
				"east": {"uv": [0, 0, 3.75, 0.75], "texture": "#1"},
				"south": {"uv": [0, 0, 0.25, 0.75], "texture": "#1"},
				"west": {"uv": [0, 0, 3.75, 0.75], "texture": "#1"},
				"up": {"uv": [0, 0, 0.25, 3.75], "texture": "#1"},
				"down": {"uv": [0, 0, 0.25, 3.75], "texture": "#1"}
			}
		},
		{
			"from": [3.75, 12.575, 3.75],
			"to": [12.25, 14.075, 4.25],
			"rotation": {"angle": 0, "axis": "y", "origin": [8, 11.1375, 8]},
			"faces": {
				"north": {"uv": [0, 0, 4.25, 0.75], "texture": "#1"},
				"east": {"uv": [0, 0, 0.25, 0.75], "texture": "#1"},
				"south": {"uv": [0, 0, 4.25, 0.75], "texture": "#1"},
				"west": {"uv": [0, 0, 0.25, 0.75], "texture": "#1"},
				"up": {"uv": [0, 0, 0.25, 4.25], "rotation": 90, "texture": "#1"},
				"down": {"uv": [0, 0, 0.25, 4.25], "rotation": 270, "texture": "#1"}
			}
		},
		{
			"from": [3.75, 12.575, 4.25],
			"to": [4.25, 14.075, 11.75],
			"rotation": {"angle": 0, "axis": "y", "origin": [8, 11.1375, 8]},
			"faces": {
				"north": {"uv": [0, 0, 0.25, 0.75], "texture": "#1"},
				"east": {"uv": [0, 0, 3.75, 0.75], "texture": "#1"},
				"south": {"uv": [0, 0, 0.25, 0.75], "texture": "#1"},
				"west": {"uv": [0, 0, 3.75, 0.75], "texture": "#1"},
				"up": {"uv": [0, 0, 0.25, 3.75], "texture": "#1"},
				"down": {"uv": [0, 0, 0.25, 3.75], "texture": "#1"}
			}
		},
		{
			"from": [3.75, 12.575, 11.75],
			"to": [12.25, 14.075, 12.25],
			"rotation": {"angle": 0, "axis": "y", "origin": [8, 11.1375, 8]},
			"faces": {
				"north": {"uv": [0, 0, 4.25, 0.75], "texture": "#1"},
				"east": {"uv": [0, 0, 0.25, 0.75], "texture": "#1"},
				"south": {"uv": [0, 0, 4.25, 0.75], "texture": "#1"},
				"west": {"uv": [0, 0, 0.25, 0.75], "texture": "#1"},
				"up": {"uv": [0, 0, 0.25, 4.25], "rotation": 90, "texture": "#1"},
				"down": {"uv": [0, 0, 0.25, 4.25], "rotation": 270, "texture": "#1"}
			}
		},
		{
			"from": [3.5, 13.825, 11.75],
			"to": [12.5, 14.575, 12.5],
			"rotation": {"angle": 0, "axis": "y", "origin": [8, 11.1375, 8]},
			"faces": {
				"north": {"uv": [0, 0, 4.5, 0.375], "texture": "#1"},
				"east": {"uv": [0, 0, 0.375, 0.375], "texture": "#1"},
				"south": {"uv": [0, 0, 4.5, 0.375], "texture": "#1"},
				"west": {"uv": [0, 0, 0.375, 0.375], "texture": "#1"},
				"up": {"uv": [0, 0, 0.375, 4.5], "rotation": 90, "texture": "#1"},
				"down": {"uv": [0, 0, 0.375, 4.5], "rotation": 270, "texture": "#1"}
			}
		},
		{
			"from": [11.75, 13.825, 4.25],
			"to": [12.5, 14.575, 11.75],
			"rotation": {"angle": 0, "axis": "y", "origin": [8, 11.1375, 8]},
			"faces": {
				"north": {"uv": [0, 0, 0.375, 0.375], "texture": "#1"},
				"east": {"uv": [0, 0, 3.75, 0.375], "texture": "#1"},
				"south": {"uv": [0, 0, 0.375, 0.375], "texture": "#1"},
				"west": {"uv": [0, 0, 3.75, 0.375], "texture": "#1"},
				"up": {"uv": [0, 0, 0.375, 3.75], "texture": "#1"},
				"down": {"uv": [0, 0, 0.375, 3.75], "texture": "#1"}
			}
		},
		{
			"from": [3.5, 13.825, 3.5],
			"to": [12.5, 14.575, 4.25],
			"rotation": {"angle": 0, "axis": "y", "origin": [8, 11.1375, 8]},
			"faces": {
				"north": {"uv": [0, 0, 4.5, 0.375], "texture": "#1"},
				"east": {"uv": [0, 0, 0.375, 0.375], "texture": "#1"},
				"south": {"uv": [0, 0, 4.5, 0.375], "texture": "#1"},
				"west": {"uv": [0, 0, 0.375, 0.375], "texture": "#1"},
				"up": {"uv": [0, 0, 0.375, 4.5], "rotation": 90, "texture": "#1"},
				"down": {"uv": [0, 0, 0.375, 4.5], "rotation": 270, "texture": "#1"}
			}
		},
		{
			"from": [3.5, 13.825, 4.25],
			"to": [4.25, 14.575, 11.75],
			"rotation": {"angle": 0, "axis": "y", "origin": [8, 11.1375, 8]},
			"faces": {
				"north": {"uv": [0, 0, 0.375, 0.375], "texture": "#1"},
				"east": {"uv": [0, 0, 3.75, 0.375], "texture": "#1"},
				"south": {"uv": [0, 0, 0.375, 0.375], "texture": "#1"},
				"west": {"uv": [0, 0, 3.75, 0.375], "texture": "#1"},
				"up": {"uv": [0, 0, 0.375, 3.75], "texture": "#1"},
				"down": {"uv": [0, 0, 0.375, 3.75], "texture": "#1"}
			}
		},
		{
			"from": [7.75, 10.25, 2.5],
			"to": [8.5, 12.5, 3],
			"rotation": {"angle": 0, "axis": "y", "origin": [0, 0, -0.25]},
			"faces": {
				"north": {"uv": [0, 0, 0.375, 1.125], "texture": "#1"},
				"east": {"uv": [0, 0, 0.25, 1.125], "texture": "#1"},
				"south": {"uv": [0, 0, 0.375, 1.125], "texture": "#1"},
				"west": {"uv": [0, 0, 0.25, 1.125], "texture": "#1"},
				"up": {"uv": [0, 0, 0.375, 0.25], "texture": "#1"},
				"down": {"uv": [0, 0, 0.375, 0.25], "texture": "#1"}
			}
		},
		{
			"from": [7.75, 9.025, 2.75],
			"to": [8.5, 10.3, 3.275],
			"rotation": {"angle": -22.5, "axis": "x", "origin": [8.125, 9.625, 2.75]},
			"faces": {
				"north": {"uv": [0, 0, 0.375, 0.6375], "texture": "#1"},
				"east": {"uv": [0, 0, 0.2625, 0.6375], "texture": "#1"},
				"south": {"uv": [0, 0, 0.375, 0.6375], "texture": "#1"},
				"west": {"uv": [0, 0, 0.2625, 0.6375], "texture": "#1"},
				"up": {"uv": [0, 0, 0.375, 0.2625], "texture": "#1"},
				"down": {"uv": [0, 0, 0.375, 0.2625], "texture": "#1"}
			}
		},
		{
			"from": [7.75, 9.2, 3.175],
			"to": [8.5, 9.725, 4.45],
			"rotation": {"angle": 22.5, "axis": "x", "origin": [8.125, 9.625, 2.75]},
			"faces": {
				"north": {"uv": [0, 0, 0.375, 0.2625], "rotation": 180, "texture": "#1"},
				"east": {"uv": [0, 0, 0.2625, 0.6375], "rotation": 90, "texture": "#1"},
				"south": {"uv": [0, 0, 0.375, 0.2625], "texture": "#1"},
				"west": {"uv": [0, 0, 0.2625, 0.6375], "rotation": 270, "texture": "#1"},
				"up": {"uv": [0, 0, 0.375, 0.6375], "texture": "#1"},
				"down": {"uv": [0, 0, 0.375, 0.6375], "rotation": 180, "texture": "#1"}
			}
		},
		{
			"from": [7.75, 13.18202, 2.99215],
			"to": [8.5, 13.70702, 3.84215],
			"rotation": {"angle": 0, "axis": "x", "origin": [8.125, 14.29452, 1.50465]},
			"faces": {
				"north": {"uv": [0, 0, 0.375, 0.2625], "rotation": 180, "texture": "#1"},
				"east": {"uv": [0, 0, 0.2625, 0.425], "rotation": 90, "texture": "#1"},
				"south": {"uv": [0, 0, 0.375, 0.2625], "texture": "#1"},
				"west": {"uv": [0, 0, 0.2625, 0.425], "rotation": 270, "texture": "#1"},
				"up": {"uv": [0, 0, 0.375, 0.425], "texture": "#1"},
				"down": {"uv": [0, 0, 0.375, 0.425], "rotation": 180, "texture": "#1"}
			}
		},
		{
			"from": [7.75, 8.58077, 4.15694],
			"to": [8.5, 9.10577, 5.00694],
			"rotation": {"angle": 0, "axis": "x", "origin": [8.125, 9.06827, 3.66944]},
			"faces": {
				"north": {"uv": [0, 0, 0.375, 0.2625], "rotation": 180, "texture": "#1"},
				"east": {"uv": [0, 0, 0.2625, 0.425], "rotation": 90, "texture": "#1"},
				"south": {"uv": [0, 0, 0.375, 0.2625], "texture": "#1"},
				"west": {"uv": [0, 0, 0.2625, 0.425], "rotation": 270, "texture": "#1"},
				"up": {"uv": [0, 0, 0.375, 0.425], "texture": "#1"},
				"down": {"uv": [0, 0, 0.375, 0.425], "rotation": 180, "texture": "#1"}
			}
		},
		{
			"from": [7.75, 11.95, 0.175],
			"to": [8.5, 13.225, 0.675],
			"rotation": {"angle": 22.5, "axis": "x", "origin": [8.125, 6.375, 2.75]},
			"faces": {
				"north": {"uv": [0, 0.6375, 0.375, 1.275], "texture": "#1"},
				"east": {"uv": [0, 0.6375, 0.25, 1.275], "texture": "#1"},
				"south": {"uv": [0, 0.6375, 0.375, 1.275], "texture": "#1"},
				"west": {"uv": [0, 0.6375, 0.25, 1.275], "texture": "#1"},
				"up": {"uv": [0, 0.2625, 0.375, 0.5125], "texture": "#1"},
				"down": {"uv": [0, 0.2625, 0.375, 0.5125], "texture": "#1"}
			}
		},
		{
			"from": [7.75, 8.58077, 10.99306],
			"to": [8.5, 9.10577, 11.84306],
			"rotation": {"angle": 0, "axis": "x", "origin": [8.125, 9.06827, 12.33056]},
			"faces": {
				"north": {"uv": [0.375, 0, 0, 0.2625], "texture": "#1"},
				"east": {"uv": [0, 0.425, 0.2625, 0], "rotation": 90, "texture": "#1"},
				"south": {"uv": [0.375, 0, 0, 0.2625], "rotation": 180, "texture": "#1"},
				"west": {"uv": [0, 0.425, 0.2625, 0], "rotation": 270, "texture": "#1"},
				"up": {"uv": [0, 0.425, 0.375, 0], "texture": "#1"},
				"down": {"uv": [0, 0.425, 0.375, 0], "rotation": 180, "texture": "#1"}
			}
		},
		{
			"from": [7.75, 9.025, 12.725],
			"to": [8.5, 10.3, 13.25],
			"rotation": {"angle": 22.5, "axis": "x", "origin": [8.125, 9.625, 13.25]},
			"faces": {
				"north": {"uv": [0.375, 0, 0, 0.6375], "texture": "#1"},
				"east": {"uv": [0.2625, 0, 0, 0.6375], "texture": "#1"},
				"south": {"uv": [0.375, 0, 0, 0.6375], "texture": "#1"},
				"west": {"uv": [0.2625, 0, 0, 0.6375], "texture": "#1"},
				"up": {"uv": [0, 0.2625, 0.375, 0], "texture": "#1"},
				"down": {"uv": [0, 0.2625, 0.375, 0], "texture": "#1"}
			}
		},
		{
			"from": [7.75, 9.2, 11.55],
			"to": [8.5, 9.725, 12.825],
			"rotation": {"angle": -22.5, "axis": "x", "origin": [8.125, 9.625, 13.25]},
			"faces": {
				"north": {"uv": [0.375, 0, 0, 0.2625], "texture": "#1"},
				"east": {"uv": [0, 0.6375, 0.2625, 0], "rotation": 90, "texture": "#1"},
				"south": {"uv": [0.375, 0, 0, 0.2625], "rotation": 180, "texture": "#1"},
				"west": {"uv": [0, 0.6375, 0.2625, 0], "rotation": 270, "texture": "#1"},
				"up": {"uv": [0, 0.6375, 0.375, 0], "texture": "#1"},
				"down": {"uv": [0, 0.6375, 0.375, 0], "rotation": 180, "texture": "#1"}
			}
		},
		{
			"from": [7.75, 10.25, 13],
			"to": [8.5, 12.5, 13.5],
			"rotation": {"angle": 0, "axis": "y", "origin": [0, 0, 16.25]},
			"faces": {
				"north": {"uv": [0.375, 0, 0, 1.125], "texture": "#1"},
				"east": {"uv": [0.25, 0, 0, 1.125], "texture": "#1"},
				"south": {"uv": [0.375, 0, 0, 1.125], "texture": "#1"},
				"west": {"uv": [0.25, 0, 0, 1.125], "texture": "#1"},
				"up": {"uv": [0, 0.25, 0.375, 0], "texture": "#1"},
				"down": {"uv": [0, 0.25, 0.375, 0], "texture": "#1"}
			}
		},
		{
			"from": [7.75, 11.95, 15.325],
			"to": [8.5, 13.225, 15.825],
			"rotation": {"angle": -22.5, "axis": "x", "origin": [8.125, 6.375, 13.25]},
			"faces": {
				"north": {"uv": [0.375, 0.6375, 0, 1.275], "texture": "#1"},
				"east": {"uv": [0.25, 0.6375, 0, 1.275], "texture": "#1"},
				"south": {"uv": [0.375, 0.6375, 0, 1.275], "texture": "#1"},
				"west": {"uv": [0.25, 0.6375, 0, 1.275], "texture": "#1"},
				"up": {"uv": [0, 0.5125, 0.375, 0.2625], "texture": "#1"},
				"down": {"uv": [0, 0.5125, 0.375, 0.2625], "texture": "#1"}
			}
		},
		{
			"from": [7.75, 13.18202, 12.15785],
			"to": [8.5, 13.70702, 13.00785],
			"rotation": {"angle": 0, "axis": "x", "origin": [8.125, 14.29452, 14.49535]},
			"faces": {
				"north": {"uv": [0.375, 0, 0, 0.2625], "texture": "#1"},
				"east": {"uv": [0, 0.425, 0.2625, 0], "rotation": 90, "texture": "#1"},
				"south": {"uv": [0.375, 0, 0, 0.2625], "rotation": 180, "texture": "#1"},
				"west": {"uv": [0, 0.425, 0.2625, 0], "rotation": 270, "texture": "#1"},
				"up": {"uv": [0, 0.425, 0.375, 0], "texture": "#1"},
				"down": {"uv": [0, 0.425, 0.375, 0], "rotation": 180, "texture": "#1"}
			}
		}
	],
	"display": {
		"thirdperson_righthand": {
			"rotation": [49, -90, 0],
			"translation": [0, 2.5, 2],
			"scale": [0.55, 0.55, 0.55]
		},
		"thirdperson_lefthand": {
			"rotation": [49, -90, 0],
			"translation": [0, 2.5, 2],
			"scale": [0.55, 0.55, 0.55]
		},
		"firstperson_righthand": {
			"rotation": [0, -90, 25],
			"translation": [-0.25, 3, 1.25],
			"scale": [0.68, 0.68, 0.68]
		},
		"firstperson_lefthand": {
			"rotation": [0, -90, 25],
			"translation": [-0.25, 3, 1.25],
			"scale": [0.68, 0.68, 0.68]
		},
		"ground": {
			"translation": [0, 7.75, 0],
			"scale": [1.5, 1.5, 1.5]
		},
		"gui": {
			"rotation": [7, 78, 5],
			"translation": [0, 0.5, 0],
			"scale": [0.9, 1, 1]
		},
		"head": {
			"rotation": [0, 90, 0],
			"translation": [0, 17, 0],
			"scale": [1.25, 1.25, 1.25]
		},
		"fixed": {
			"rotation": [0, 90, 0],
			"translation": [0, 0, -1],
			"scale": [0.25, 1, 1]
		}
	},
	"groups": [
		{
			"name": "base",
			"origin": [8, 8, 8],
			"color": 0,
			"children": [0, 1, 2, 3, 4, 5, 6, 7, 8, 9, 10, 11, 12]
		},
		{
			"name": "stem",
			"origin": [8, 8, 8],
			"color": 0,
			"children": [13, 14, 15, 16, 17, 18, 19, 20, 21, 22, 23, 24, 25, 26, 27, 28, 29, 30, 31, 32, 33, 34, 35, 36, 37, 38, 39, 40, 41, 42, 43]
		},
		{
			"name": "cup",
			"origin": [8, 8, 8],
			"color": 0,
			"children": [44, 45, 46, 47, 48, 49, 50, 51, 52, 53, 54, 55, 56, 57, 58, 59, 60, 61]
		},
		{
			"name": "handles",
			"origin": [8, 8, 8],
			"color": 0,
			"children": [
				{
					"name": "group",
					"origin": [8, 8, 8],
					"color": 0,
					"children": [62, 63, 64, 65, 66, 67, 68, 69, 70, 71, 72, 73]
				}
			]
		}
	]
}